candidate_id,latent_seed,generator_checkpoint,checkpoint_sha256,generation_timestamp,filename,sha256,width,height,min_intensity,max_intensity,mean_intensity,std_intensity,validation_status,validation_reason
candidate_000001,202610050001,E:\Corpus_Callosum\24_gan_generation\models_wgan_gp\generator_wgan_gp_128.pth,e0665ea5aebbcb8f8ad8f4c55a9ba0335d721a4b5aaaead63bfd791dd8b94b07,2026-10-05T14:49:58.221490+00:00,candidate_000001.png,e903b299851f56d5b76eab7f99682011afeed48047bbf96d30e7376349b49ce4,128,128,10,248,152.17669677734375,42.9400454284041,generated,Fresh candidate generated from deterministic latent seed
candidate_000002,202610050002,E:\Corpus_Callosum\24_gan_generation\models_wgan_gp\generator_wgan_gp_128.pth,e0665ea5aebbcb8f8ad8f4c55a9ba0335d721a4b5aaaead63bfd791dd8b94b07,2026-10-05T14:49:58.221490+00:00,candidate_000002.png,528d844610e4ccb0f37decc41146b555075cae00dae9aeb2d2b172fc90d48168,128,128,0,254,153.27642822265625,48.62849256452307,generated,Fresh candidate generated from deterministic latent seed
candidate_000003,202610050003,E:\Corpus_Callosum\24_gan_generation\models_wgan_gp\generator_wgan_gp_128.pth,e0665ea5aebbcb8f8ad8f4c55a9ba0335d721a4b5aaaead63bfd791dd8b94b07,2026-10-05T14:49:58.221490+00:00,candidate_000003.png,240700961db84174d2e574e1d733e85d5bc2037fe7d3e44e81185d6918f04607,128,128,1,248,136.75848388671875,46.4028666437753,generated,Fresh candidate generated from deterministic latent seed
candidate_000004,202610050004,E:\Corpus_Callosum\24_gan_generation\models_wgan_gp\generator_wgan_gp_128.pth,e0665ea5aebbcb8f8ad8f4c55a9ba0335d721a4b5aaaead63bfd791dd8b94b07,2026-10-05T14:49:58.221490+00:00,candidate_000004.png,c8cd579d7029e3ce5df8526488832642a525c614dd9d5c076de7a10acd6f591c,128,128,1,253,162.59539794921875,41.399759878304664,generated,Fresh candidate generated from deterministic latent seed
candidate_000005,202610050005,E:\Corpus_Callosum\24_gan_generation\models_wgan_gp\generator_wgan_gp_128.pth,e0665ea5aebbcb8f8ad8f4c55a9ba0335d721a4b5aaaead63bfd791dd8b94b07,2026-10-05T14:49:58.221490+00:00,candidate_000005.png,e50a07f11fb2bd0d5e1addeaad23fcddad365d4e2f516437484848cb24b4b1ae,128,128,0,252,138.110595703125,47.024720269683826,generated,Fresh candidate generated from deterministic latent seed
candidate_000006,202610050006,E:\Corpus_Callosum\24_gan_generation\models_wgan_gp\generator_wgan_gp_128.pth,e0665ea5aebbcb8f8ad8f4c55a9ba0335d721a4b5aaaead63bfd791dd8b94b07,2026-10-05T14:49:58.221490+00:00,candidate_000006.png,af686cf2eb93ec47720d9c8e439a3215bbf6cf0c80a22537eb51c867e7c87fdc,128,128,0,254,141.4493408203125,42.76193120985009,generated,Fresh candidate generated from deterministic latent seed
candidate_000007,202610050007,E:\Corpus_Callosum\24_gan_generation\models_wgan_gp\generator_wgan_gp_128.pth,e0665ea5aebbcb8f8ad8f4c55a9ba0335d721a4b5aaaead63bfd791dd8b94b07,2026-10-05T14:49:58.221490+00:00,candidate_000007.png,16481d0428d4eebff4aaf5dbff4e9953aa33fc069d00c7a200b5699047c41ed9,128,128,14,246,169.31817626953125,33.13706696031803,generated,Fresh candidate generated from deterministic latent seed
candidate_000008,202610050008,E:\Corpus_Callosum\24_gan_generation\models_wgan_gp\generator_wgan_gp_128.pth,e0665ea5aebbcb8f8ad8f4c55a9ba0335d721a4b5aaaead63bfd791dd8b94b07,2026-10-05T14:49:58.221490+00:00,candidate_000008.png,e4cf91a1a3c8716891fcfdc93f998aa3d984caa410b46aedb871b006696cc985,128,128,17,249,160.3624267578125,38.95026525515306,generated,Fresh candidate generated from deterministic latent seed
candidate_000009,202610050009,E:\Corpus_Callosum\24_gan_generation\models_wgan_gp\generator_wgan_gp_128.pth,e0665ea5aebbcb8f8ad8f4c55a9ba0335d721a4b5aaaead63bfd791dd8b94b07,2026-10-05T14:49:58.221490+00:00,candidate_000009.png,679942cb6f18de4a723eac593b35ba176dbcc420ce2ae0fba6f2a0e455d41462,128,128,3,247,136.04150390625,47.949394110768786,generated,Fresh candidate generated from deterministic latent seed
candidate_000010,202610050010,E:\Corpus_Callosum\24_gan_generation\models_wgan_gp\generator_wgan_gp_128.pth,e0665ea5aebbcb8f8ad8f4c55a9ba0335d721a4b5aaaead63bfd791dd8b94b07,2026-10-05T14:49:58.221490+00:00,candidate_000010.png,92f30a059a83a73ed0f8073f01a2a74b52ca26bbe55389ffa6a694f1ba1258cf,128,128,2,252,154.1427001953125,43.315159301636335,generated,Fresh candidate generated from deterministic latent seed
candidate_000011,202610050011,E:\Corpus_Callosum\24_gan_generation\models_wgan_gp\generator_wgan_gp_128.pth,e0665ea5aebbcb8f8ad8f4c55a9ba0335d721a4b5aaaead63bfd791dd8b94b07,2026-10-05T14:49:58.221490+00:00,candidate_000011.png,84bdfd2aa737ef1e44dbfb0ea7433779c48f911ae543ae9b0c094937704f3cfd,128,128,1,249,165.2325439453125,37.865054199928174,generated,Fresh candidate generated from deterministic latent seed
candidate_000012,202610050012,E:\Corpus_Callosum\24_gan_generation\models_wgan_gp\generator_wgan_gp_128.pth,e0665ea5aebbcb8f8ad8f4c55a9ba0335d721a4b5aaaead63bfd791dd8b94b07,2026-10-05T14:49:58.221490+00:00,candidate_000012.png,e97f391bc12a00a4d491fe4fdad4e7448fb47fe71bc6231e9c10b2e05d0cf6a1,128,128,0,250,146.43646240234375,45.59130274323434,generated,Fresh candidate generated from deterministic latent seed
candidate_000013,202610050013,E:\Corpus_Callosum\24_gan_generation\models_wgan_gp\generator_wgan_gp_128.pth,e0665ea5aebbcb8f8ad8f4c55a9ba0335d721a4b5aaaead63bfd791dd8b94b07,2026-10-05T14:49:58.221490+00:00,candidate_000013.png,a57739bb441ff09562197e7236e07a1e35bba03711a1df5b0447f750bea4402e,128,128,3,246,161.6142578125,40.2320085085103,generated,Fresh candidate generated from deterministic latent seed
candidate_000014,202610050014,E:\Corpus_Callosum\24_gan_generation\models_wgan_gp\generator_wgan_gp_128.pth,e0665ea5aebbcb8f8ad8f4c55a9ba0335d721a4b5aaaead63bfd791dd8b94b07,2026-10-05T14:49:58.221490+00:00,candidate_000014.png,c88434af0928627e4b14e01c10d97bcabfb485431fd1f9e07e2e59a827434284,128,128,3,244,155.85028076171875,37.79741413512348,generated,Fresh candidate generated from deterministic latent seed
candidate_000015,202610050015,E:\Corpus_Callosum\24_gan_generation\models_wgan_gp\generator_wgan_gp_128.pth,e0665ea5aebbcb8f8ad8f4c55a9ba0335d721a4b5aaaead63bfd791dd8b94b07,2026-10-05T14:49:58.221490+00:00,candidate_000015.png,5117a09eadbd70baae7dca1ea8f4fc55046dfdae3360ab94b23c371a64525399,128,128,86,237,179.43310546875,20.97479869736838,generated,Fresh candidate generated from deterministic latent seed
candidate_000016,202610050016,E:\Corpus_Callosum\24_gan_generation\models_wgan_gp\generator_wgan_gp_128.pth,e0665ea5aebbcb8f8ad8f4c55a9ba0335d721a4b5aaaead63bfd791dd8b94b07,2026-10-05T14:49:58.221490+00:00,candidate_000016.png,4d337fef1a6ca98aeb2c2a3b97fb793b1a767939ac8e023cb2cc98b23972f058,128,128,0,248,153.452880859375,46.67156220080006,generated,Fresh candidate generated from deterministic latent seed
candidate_000017,202610050017,E:\Corpus_Callosum\24_gan_generation\models_wgan_gp\generator_wgan_gp_128.pth,e0665ea5aebbcb8f8ad8f4c55a9ba0335d721a4b5aaaead63bfd791dd8b94b07,2026-10-05T14:49:58.221490+00:00,candidate_000017.png,54d29e2f6d790acd6b5484f2fa7c5cc309aa9d1bddabc0c85d9daed6b2bf0cb0,128,128,8,244,166.1395263671875,36.52711883412853,generated,Fresh candidate generated from deterministic latent seed
candidate_000018,202610050018,E:\Corpus_Callosum\24_gan_generation\models_wgan_gp\generator_wgan_gp_128.pth,e0665ea5aebbcb8f8ad8f4c55a9ba0335d721a4b5aaaead63bfd791dd8b94b07,2026-10-05T14:49:58.221490+00:00,candidate_000018.png,476e621135d114760eceb6d4d81ed33a4e023f0586e10e1a2cf5ac67a3a32b62,128,128,11,242,161.414794921875,36.421056415845825,generated,Fresh candidate generated from deterministic latent seed
candidate_000019,202610050019,E:\Corpus_Callosum\24_gan_generation\models_wgan_gp\generator_wgan_gp_128.pth,e0665ea5aebbcb8f8ad8f4c55a9ba0335d721a4b5aaaead63bfd791dd8b94b07,2026-10-05T14:49:58.221490+00:00,candidate_000019.png,6bc80b8b1166fb5becae3ceb7f330a08dd7071e328780ce0c2db71740aacc1ac,128,128,3,251,157.777587890625,41.341335856884555,generated,Fresh candidate generated from deterministic latent seed
candidate_000020,202610050020,E:\Corpus_Callosum\24_gan_generation\models_wgan_gp\generator_wgan_gp_128.pth,e0665ea5aebbcb8f8ad8f4c55a9ba0335d721a4b5aaaead63bfd791dd8b94b07,2026-10-05T14:49:58.221490+00:00,candidate_000020.png,99e068d9fcb017dafd4406966faa306d4dd20b1953236d8441af7dc165e42c49,128,128,0,254,158.752685546875,43.467928501569126,generated,Fresh candidate generated from deterministic latent seed
candidate_000021,202610050021,E:\Corpus_Callosum\24_gan_generation\models_wgan_gp\generator_wgan_gp_128.pth,e0665ea5aebbcb8f8ad8f4c55a9ba0335d721a4b5aaaead63bfd791dd8b94b07,2026-10-05T14:49:58.221490+00:00,candidate_000021.png,54d7f82150df3580c529a943d3558962f386a69438e72ce295e06661c7c47aea,128,128,3,248,160.2490234375,39.051079568336846,generated,Fresh candidate generated from deterministic latent seed
candidate_000022,202610050022,E:\Corpus_Callosum\24_gan_generation\models_wgan_gp\generator_wgan_gp_128.pth,e0665ea5aebbcb8f8ad8f4c55a9ba0335d721a4b5aaaead63bfd791dd8b94b07,2026-10-05T14:49:58.221490+00:00,candidate_000022.png,dfeddf7424cb02515f13e35cdfb5a97aafbad6a62b945f9a12f0b0bb0cec67ed,128,128,2,254,157.7293701171875,46.066237834835086,generated,Fresh candidate generated from deterministic latent seed
candidate_000023,202610050023,E:\Corpus_Callosum\24_gan_generation\models_wgan_gp\generator_wgan_gp_128.pth,e0665ea5aebbcb8f8ad8f4c55a9ba0335d721a4b5aaaead63bfd791dd8b94b07,2026-10-05T14:49:58.221490+00:00,candidate_000023.png,eb4cf903f7b95d887617aa6d1ed9f157bbf9f090fbdea99465485652b507b756,128,128,0,251,157.4873046875,45.490243630770465,generated,Fresh candidate generated from deterministic latent seed
candidate_000024,202610050024,E:\Corpus_Callosum\24_gan_generation\models_wgan_gp\generator_wgan_gp_128.pth,e0665ea5aebbcb8f8ad8f4c55a9ba0335d721a4b5aaaead63bfd791dd8b94b07,2026-10-05T14:49:58.221490+00:00,candidate_000024.png,4cc9f7250105845b931330b7f04185580e6f2d1779d643c4392ff6d5ed7258a2,128,128,10,248,154.17572021484375,40.663420159958434,generated,Fresh candidate generated from deterministic latent seed
candidate_000025,202610050025,E:\Corpus_Callosum\24_gan_generation\models_wgan_gp\generator_wgan_gp_128.pth,e0665ea5aebbcb8f8ad8f4c55a9ba0335d721a4b5aaaead63bfd791dd8b94b07,2026-10-05T14:49:58.221490+00:00,candidate_000025.png,e06075bea6274c3d9256f3bd48c91b3e3f9f792d8633d6a3e60a924cc4a9f5b9,128,128,4,244,158.57861328125,37.177305215373146,generated,Fresh candidate generated from deterministic latent seed
candidate_000026,202610050026,E:\Corpus_Callosum\24_gan_generation\models_wgan_gp\generator_wgan_gp_128.pth,e0665ea5aebbcb8f8ad8f4c55a9ba0335d721a4b5aaaead63bfd791dd8b94b07,2026-10-05T14:49:58.221490+00:00,candidate_000026.png,090db2f4c091853230b75c84adff86e3cf23d19b8855fec80d3084383577028f,128,128,6,242,163.19464111328125,36.98631428551464,generated,Fresh candidate generated from deterministic latent seed
candidate_000027,202610050027,E:\Corpus_Callosum\24_gan_generation\models_wgan_gp\generator_wgan_gp_128.pth,e0665ea5aebbcb8f8ad8f4c55a9ba0335d721a4b5aaaead63bfd791dd8b94b07,2026-10-05T14:49:58.221490+00:00,candidate_000027.png,013ccf6cb9c48c663e694f1a848e5b71431b6462e4783d2f3199181745c9c736,128,128,0,251,154.56317138671875,46.65252584350632,generated,Fresh candidate generated from deterministic latent seed
candidate_000028,202610050028,E:\Corpus_Callosum\24_gan_generation\models_wgan_gp\generator_wgan_gp_128.pth,e0665ea5aebbcb8f8ad8f4c55a9ba0335d721a4b5aaaead63bfd791dd8b94b07,2026-10-05T14:49:58.221490+00:00,candidate_000028.png,986b1584c5f414158a121c1edef0e8edcbdd44b61d6a8e7b5613e73b386f3480,128,128,0,250,153.8009033203125,43.43286181582026,generated,Fresh candidate generated from deterministic latent seed
candidate_000029,202610050029,E:\Corpus_Callosum\24_gan_generation\models_wgan_gp\generator_wgan_gp_128.pth,e0665ea5aebbcb8f8ad8f4c55a9ba0335d721a4b5aaaead63bfd791dd8b94b07,2026-10-05T14:49:58.221490+00:00,candidate_000029.png,fd0de3d14e11eb2931667b86a155354f25d4802702280db5cfe9cee679dd5f3b,128,128,2,250,156.71868896484375,43.285116900137055,generated,Fresh candidate generated from deterministic latent seed
candidate_000030,202610050030,E:\Corpus_Callosum\24_gan_generation\models_wgan_gp\generator_wgan_gp_128.pth,e0665ea5aebbcb8f8ad8f4c55a9ba0335d721a4b5aaaead63bfd791dd8b94b07,2026-10-05T14:49:58.221490+00:00,candidate_000030.png,adaf2366074619c16a400d49d352306529dcb750171e1a45ec415aaa08f67d90,128,128,2,250,152.808837890625,40.86158968683719,generated,Fresh candidate generated from deterministic latent seed
candidate_000031,202610050031,E:\Corpus_Callosum\24_gan_generation\models_wgan_gp\generator_wgan_gp_128.pth,e0665ea5aebbcb8f8ad8f4c55a9ba0335d721a4b5aaaead63bfd791dd8b94b07,2026-10-05T14:49:58.221490+00:00,candidate_000031.png,d9f3ef3173f46d3ae866a694917be6fc318e2fd1e1be61679f23d04d5403fcc2,128,128,6,246,153.754638671875,43.68178250728756,generated,Fresh candidate generated from deterministic latent seed
candidate_000032,202610050032,E:\Corpus_Callosum\24_gan_generation\models_wgan_gp\generator_wgan_gp_128.pth,e0665ea5aebbcb8f8ad8f4c55a9ba0335d721a4b5aaaead63bfd791dd8b94b07,2026-10-05T14:49:58.221490+00:00,candidate_000032.png,a44e8386f538dd6c651306a618a309c5a360b205b537fc23251a01823bc4e1fe,128,128,9,243,132.75225830078125,39.6663540310535,generated,Fresh candidate generated from deterministic latent seed
candidate_000033,202610050033,E:\Corpus_Callosum\24_gan_generation\models_wgan_gp\generator_wgan_gp_128.pth,e0665ea5aebbcb8f8ad8f4c55a9ba0335d721a4b5aaaead63bfd791dd8b94b07,2026-10-05T14:49:58.221490+00:00,candidate_000033.png,ab9d49c524412d972fe8ab087b137a518830c8b2c015626b795fe70ad4c4b7b7,128,128,3,252,156.68084716796875,42.07962201854613,generated,Fresh candidate generated from deterministic latent seed
candidate_000034,202610050034,E:\Corpus_Callosum\24_gan_generation\models_wgan_gp\generator_wgan_gp_128.pth,e0665ea5aebbcb8f8ad8f4c55a9ba0335d721a4b5aaaead63bfd791dd8b94b07,2026-10-05T14:49:58.221490+00:00,candidate_000034.png,ec183bdd52b13dcf68dd1667dd0a413b77cb841266b4863973448f62b1035fdf,128,128,0,252,115.05206298828125,46.04795831237494,generated,Fresh candidate generated from deterministic latent seed
candidate_000035,202610050035,E:\Corpus_Callosum\24_gan_generation\models_wgan_gp\generator_wgan_gp_128.pth,e0665ea5aebbcb8f8ad8f4c55a9ba0335d721a4b5aaaead63bfd791dd8b94b07,2026-10-05T14:49:58.221490+00:00,candidate_000035.png,721d2b2143d52b7211a2a2e7d87d05266a4cf642b7f63d968ec935e273b2a0ee,128,128,0,251,158.70440673828125,44.824027567561714,generated,Fresh candidate generated from deterministic latent seed
candidate_000036,202610050036,E:\Corpus_Callosum\24_gan_generation\models_wgan_gp\generator_wgan_gp_128.pth,e0665ea5aebbcb8f8ad8f4c55a9ba0335d721a4b5aaaead63bfd791dd8b94b07,2026-10-05T14:49:58.221490+00:00,candidate_000036.png,4e4a5841e1fe1ba2920652c74ad07b4f3c573ee25cb1fb7677d7beade0ed1a5f,128,128,1,252,147.0755615234375,45.6825971893454,generated,Fresh candidate generated from deterministic latent seed
candidate_000037,202610050037,E:\Corpus_Callosum\24_gan_generation\models_wgan_gp\generator_wgan_gp_128.pth,e0665ea5aebbcb8f8ad8f4c55a9ba0335d721a4b5aaaead63bfd791dd8b94b07,2026-10-05T14:49:58.221490+00:00,candidate_000037.png,d46e6efcb4c025f2473b2a77b57780e52003c422421a8f0e91c432f9db6ab2a8,128,128,3,244,138.23077392578125,40.85006798562685,generated,Fresh candidate generated from deterministic latent seed
candidate_000038,202610050038,E:\Corpus_Callosum\24_gan_generation\models_wgan_gp\generator_wgan_gp_128.pth,e0665ea5aebbcb8f8ad8f4c55a9ba0335d721a4b5aaaead63bfd791dd8b94b07,2026-10-05T14:49:58.221490+00:00,candidate_000038.png,ce88ddd005dfb20cd7820796a5255e348122f723273caa0544395b21b426314d,128,128,4,249,138.89532470703125,41.799717690913575,generated,Fresh candidate generated from deterministic latent seed
candidate_000039,202610050039,E:\Corpus_Callosum\24_gan_generation\models_wgan_gp\generator_wgan_gp_128.pth,e0665ea5aebbcb8f8ad8f4c55a9ba0335d721a4b5aaaead63bfd791dd8b94b07,2026-10-05T14:49:58.221490+00:00,candidate_000039.png,9de527d9f73bd40ed533b074d3d3b7774f73f99e9225addc2545ff806da59f1f,128,128,4,245,153.51788330078125,43.05183923862229,generated,Fresh candidate generated from deterministic latent seed
candidate_000040,202610050040,E:\Corpus_Callosum\24_gan_generation\models_wgan_gp\generator_wgan_gp_128.pth,e0665ea5aebbcb8f8ad8f4c55a9ba0335d721a4b5aaaead63bfd791dd8b94b07,2026-10-05T14:49:58.221490+00:00,candidate_000040.png,2216292d6cabf4aaa97f205bfeba896484a6f4799d97e1e4b97dcfffd6b4cc8b,128,128,0,248,125.6427001953125,45.31105760564145,generated,Fresh candidate generated from deterministic latent seed
candidate_000041,202610050041,E:\Corpus_Callosum\24_gan_generation\models_wgan_gp\generator_wgan_gp_128.pth,e0665ea5aebbcb8f8ad8f4c55a9ba0335d721a4b5aaaead63bfd791dd8b94b07,2026-10-05T14:49:58.221490+00:00,candidate_000041.png,038d6900ae6cd8af14093720dca367c5b0c0f2fcd6296b723e65fd32841f0c60,128,128,7,246,151.02667236328125,42.873946085478366,generated,Fresh candidate generated from deterministic latent seed
candidate_000042,202610050042,E:\Corpus_Callosum\24_gan_generation\models_wgan_gp\generator_wgan_gp_128.pth,e0665ea5aebbcb8f8ad8f4c55a9ba0335d721a4b5aaaead63bfd791dd8b94b07,2026-10-05T14:49:58.221490+00:00,candidate_000042.png,ed4be1968aea30f450da0ecec5cd8310690868b8a6cd41ac12a3cbead6d464f2,128,128,0,250,150.49322509765625,45.776680424668854,generated,Fresh candidate generated from deterministic latent seed
candidate_000043,202610050043,E:\Corpus_Callosum\24_gan_generation\models_wgan_gp\generator_wgan_gp_128.pth,e0665ea5aebbcb8f8ad8f4c55a9ba0335d721a4b5aaaead63bfd791dd8b94b07,2026-10-05T14:49:58.221490+00:00,candidate_000043.png,82e8e56072ca8f22877cabcf7f8f72dd7cad9ae8fad704ed060193c4e721bedb,128,128,5,244,165.898193359375,38.56312849793893,generated,Fresh candidate generated from deterministic latent seed
candidate_000044,202610050044,E:\Corpus_Callosum\24_gan_generation\models_wgan_gp\generator_wgan_gp_128.pth,e0665ea5aebbcb8f8ad8f4c55a9ba0335d721a4b5aaaead63bfd791dd8b94b07,2026-10-05T14:49:58.221490+00:00,candidate_000044.png,c3702d45dd48612ba77ccb58b8ce2afe0836625aaa500a9ddf13c69667721d86,128,128,1,246,132.88140869140625,43.92378610067593,generated,Fresh candidate generated from deterministic latent seed
candidate_000045,202610050045,E:\Corpus_Callosum\24_gan_generation\models_wgan_gp\generator_wgan_gp_128.pth,e0665ea5aebbcb8f8ad8f4c55a9ba0335d721a4b5aaaead63bfd791dd8b94b07,2026-10-05T14:49:58.221490+00:00,candidate_000045.png,d33fcbdf5b747a7408238d83128f82fb3c8ba41bf7c566b3b9afe9c28becba61,128,128,0,253,153.53662109375,46.37729527790436,generated,Fresh candidate generated from deterministic latent seed
candidate_000046,202610050046,E:\Corpus_Callosum\24_gan_generation\models_wgan_gp\generator_wgan_gp_128.pth,e0665ea5aebbcb8f8ad8f4c55a9ba0335d721a4b5aaaead63bfd791dd8b94b07,2026-10-05T14:49:58.221490+00:00,candidate_000046.png,0bf1036de7a0debc3252cc0f7d1e68995e954bb5ae750b899cbea03fb7b82ed1,128,128,0,253,140.95538330078125,50.019254340306865,generated,Fresh candidate generated from deterministic latent seed
candidate_000047,202610050047,E:\Corpus_Callosum\24_gan_generation\models_wgan_gp\generator_wgan_gp_128.pth,e0665ea5aebbcb8f8ad8f4c55a9ba0335d721a4b5aaaead63bfd791dd8b94b07,2026-10-05T14:49:58.221490+00:00,candidate_000047.png,c149e1ed1f8252cd6f879e759416ecef6685dc98f106bcaa8f086bfb5356f840,128,128,0,253,158.9705810546875,44.195253681840306,generated,Fresh candidate generated from deterministic latent seed
candidate_000048,202610050048,E:\Corpus_Callosum\24_gan_generation\models_wgan_gp\generator_wgan_gp_128.pth,e0665ea5aebbcb8f8ad8f4c55a9ba0335d721a4b5aaaead63bfd791dd8b94b07,2026-10-05T14:49:58.221490+00:00,candidate_000048.png,033efa2370b62f12523874a17f0a875ecfaa307531b5df0d2626190d2f728648,128,128,0,253,152.15826416015625,48.359587426982394,generated,Fresh candidate generated from deterministic latent seed
candidate_000049,202610050049,E:\Corpus_Callosum\24_gan_generation\models_wgan_gp\generator_wgan_gp_128.pth,e0665ea5aebbcb8f8ad8f4c55a9ba0335d721a4b5aaaead63bfd791dd8b94b07,2026-10-05T14:49:58.221490+00:00,candidate_000049.png,5b7e2c3f6e60bbe18c26236cb1cf7b189b518a0adf427ca22d11c85368b275d1,128,128,0,254,154.90936279296875,43.15229435431253,generated,Fresh candidate generated from deterministic latent seed
candidate_000050,202610050050,E:\Corpus_Callosum\24_gan_generation\models_wgan_gp\generator_wgan_gp_128.pth,e0665ea5aebbcb8f8ad8f4c55a9ba0335d721a4b5aaaead63bfd791dd8b94b07,2026-10-05T14:49:58.221490+00:00,candidate_000050.png,f87809b75a446ef7f2f7a7aac53a6c19dc602b1bf25525588fd7754200c5804a,128,128,0,253,152.20013427734375,46.987216434714995,generated,Fresh candidate generated from deterministic latent seed
candidate_000051,202610050051,E:\Corpus_Callosum\24_gan_generation\models_wgan_gp\generator_wgan_gp_128.pth,e0665ea5aebbcb8f8ad8f4c55a9ba0335d721a4b5aaaead63bfd791dd8b94b07,2026-10-05T14:49:58.221490+00:00,candidate_000051.png,ec72bc42c90665f27fa8d987ba837aa1a65b387ea75f5b27cf741b1898d29654,128,128,3,251,145.06927490234375,46.33854381486795,generated,Fresh candidate generated from deterministic latent seed
candidate_000052,202610050052,E:\Corpus_Callosum\24_gan_generation\models_wgan_gp\generator_wgan_gp_128.pth,e0665ea5aebbcb8f8ad8f4c55a9ba0335d721a4b5aaaead63bfd791dd8b94b07,2026-10-05T14:49:58.221490+00:00,candidate_000052.png,35eda9a8942c184c07d2e07d579014fef3b72e196da65054f31d3fa0d87bb52b,128,128,1,249,129.35430908203125,39.18861223421826,generated,Fresh candidate generated from deterministic latent seed
candidate_000053,202610050053,E:\Corpus_Callosum\24_gan_generation\models_wgan_gp\generator_wgan_gp_128.pth,e0665ea5aebbcb8f8ad8f4c55a9ba0335d721a4b5aaaead63bfd791dd8b94b07,2026-10-05T14:49:58.221490+00:00,candidate_000053.png,de71e7fe0abf4a8c9fb31bee01d697c7f16a3f3be0fea5114820f311341b08c8,128,128,2,243,155.45697021484375,42.10572634934991,generated,Fresh candidate generated from deterministic latent seed
candidate_000054,202610050054,E:\Corpus_Callosum\24_gan_generation\models_wgan_gp\generator_wgan_gp_128.pth,e0665ea5aebbcb8f8ad8f4c55a9ba0335d721a4b5aaaead63bfd791dd8b94b07,2026-10-05T14:49:58.221490+00:00,candidate_000054.png,9bab6661be1a89014cf14438d90c992dbdf4a317e86ad0b1d5d077eb078ddd83,128,128,1,250,156.53253173828125,39.54557443394905,generated,Fresh candidate generated from deterministic latent seed
candidate_000055,202610050055,E:\Corpus_Callosum\24_gan_generation\models_wgan_gp\generator_wgan_gp_128.pth,e0665ea5aebbcb8f8ad8f4c55a9ba0335d721a4b5aaaead63bfd791dd8b94b07,2026-10-05T14:49:58.221490+00:00,candidate_000055.png,52ab721ae9bf9142c1858aff26f7c11b4d987c8f55b9a27d8be208c1f3c98aba,128,128,3,249,141.4378662109375,42.63926426623347,generated,Fresh candidate generated from deterministic latent seed
candidate_000056,202610050056,E:\Corpus_Callosum\24_gan_generation\models_wgan_gp\generator_wgan_gp_128.pth,e0665ea5aebbcb8f8ad8f4c55a9ba0335d721a4b5aaaead63bfd791dd8b94b07,2026-10-05T14:49:58.221490+00:00,candidate_000056.png,3b3174fea8fb082bd5dca2d6d5778c5cc21320b35c14e5fec86d892d12c2cbc1,128,128,6,250,151.77276611328125,45.481666314216746,generated,Fresh candidate generated from deterministic latent seed
candidate_000057,202610050057,E:\Corpus_Callosum\24_gan_generation\models_wgan_gp\generator_wgan_gp_128.pth,e0665ea5aebbcb8f8ad8f4c55a9ba0335d721a4b5aaaead63bfd791dd8b94b07,2026-10-05T14:49:58.221490+00:00,candidate_000057.png,4ea2a9bfafdadf3f0bae5c17b0603072e6ef8a8fc14c2105fa1b7c5154dac708,128,128,0,252,158.9676513671875,41.698204836344786,generated,Fresh candidate generated from deterministic latent seed
candidate_000058,202610050058,E:\Corpus_Callosum\24_gan_generation\models_wgan_gp\generator_wgan_gp_128.pth,e0665ea5aebbcb8f8ad8f4c55a9ba0335d721a4b5aaaead63bfd791dd8b94b07,2026-10-05T14:49:58.221490+00:00,candidate_000058.png,bbb4974d89568f74c6b03209cc14d6bdc5e82049bcac81813898647624f613d7,128,128,0,252,131.88031005859375,43.03759420146481,generated,Fresh candidate generated from deterministic latent seed
candidate_000059,202610050059,E:\Corpus_Callosum\24_gan_generation\models_wgan_gp\generator_wgan_gp_128.pth,e0665ea5aebbcb8f8ad8f4c55a9ba0335d721a4b5aaaead63bfd791dd8b94b07,2026-10-05T14:49:58.221490+00:00,candidate_000059.png,8197a492061a197a453a47fbdb5aa8ff254c03444ab442ee9dddbd8a287c0842,128,128,5,254,143.55426025390625,47.96660708939706,generated,Fresh candidate generated from deterministic latent seed
candidate_000060,202610050060,E:\Corpus_Callosum\24_gan_generation\models_wgan_gp\generator_wgan_gp_128.pth,e0665ea5aebbcb8f8ad8f4c55a9ba0335d721a4b5aaaead63bfd791dd8b94b07,2026-10-05T14:49:58.221490+00:00,candidate_000060.png,70eb2b9d468732a5ee02d43bd0f11495b6ece926d9b99d726478438fdb16fcea,128,128,2,244,151.7293701171875,45.891420359273354,generated,Fresh candidate generated from deterministic latent seed
candidate_000061,202610050061,E:\Corpus_Callosum\24_gan_generation\models_wgan_gp\generator_wgan_gp_128.pth,e0665ea5aebbcb8f8ad8f4c55a9ba0335d721a4b5aaaead63bfd791dd8b94b07,2026-10-05T14:49:58.221490+00:00,candidate_000061.png,a7798f73f1d64e85db2cdc345c9ad7d4dd3168d3c1bc3608f8002b53826da0a2,128,128,0,254,147.42010498046875,47.9814973248632,generated,Fresh candidate generated from deterministic latent seed
candidate_000062,202610050062,E:\Corpus_Callosum\24_gan_generation\models_wgan_gp\generator_wgan_gp_128.pth,e0665ea5aebbcb8f8ad8f4c55a9ba0335d721a4b5aaaead63bfd791dd8b94b07,2026-10-05T14:49:58.221490+00:00,candidate_000062.png,d21e588a23ce6dd4a26c2e459d7f399530b16f14a7314b3c0e2c75744b5e50a9,128,128,19,249,167.03271484375,29.316321113762694,generated,Fresh candidate generated from deterministic latent seed
candidate_000063,202610050063,E:\Corpus_Callosum\24_gan_generation\models_wgan_gp\generator_wgan_gp_128.pth,e0665ea5aebbcb8f8ad8f4c55a9ba0335d721a4b5aaaead63bfd791dd8b94b07,2026-10-05T14:49:58.221490+00:00,candidate_000063.png,544aad262b797d34cbc7be0a9c95e0000a8da6df54bd6731affa8f9693fb41aa,128,128,6,245,151.975830078125,36.18527224622784,generated,Fresh candidate generated from deterministic latent seed
candidate_000064,202610050064,E:\Corpus_Callosum\24_gan_generation\models_wgan_gp\generator_wgan_gp_128.pth,e0665ea5aebbcb8f8ad8f4c55a9ba0335d721a4b5aaaead63bfd791dd8b94b07,2026-10-05T14:49:58.221490+00:00,candidate_000064.png,d49bee56c149aa0850a0d9a8bfe082b3d1b54eb975c58c08eec30b9b9a494b11,128,128,5,247,164.711669921875,37.66486377809295,generated,Fresh candidate generated from deterministic latent seed
candidate_000065,202610050065,E:\Corpus_Callosum\24_gan_generation\models_wgan_gp\generator_wgan_gp_128.pth,e0665ea5aebbcb8f8ad8f4c55a9ba0335d721a4b5aaaead63bfd791dd8b94b07,2026-10-05T14:49:58.221490+00:00,candidate_000065.png,97f16aba5c4271bd596c9256db85317eefaa5183d195fcbba27f9171a23a8050,128,128,0,253,155.90447998046875,44.79898919679746,generated,Fresh candidate generated from deterministic latent seed
candidate_000066,202610050066,E:\Corpus_Callosum\24_gan_generation\models_wgan_gp\generator_wgan_gp_128.pth,e0665ea5aebbcb8f8ad8f4c55a9ba0335d721a4b5aaaead63bfd791dd8b94b07,2026-10-05T14:49:58.221490+00:00,candidate_000066.png,b162113a15da55d111abcc502bed5eb6625db1270993b1fcc5081d4b22f7711a,128,128,11,243,170.8956298828125,30.74697839009267,generated,Fresh candidate generated from deterministic latent seed
candidate_000067,202610050067,E:\Corpus_Callosum\24_gan_generation\models_wgan_gp\generator_wgan_gp_128.pth,e0665ea5aebbcb8f8ad8f4c55a9ba0335d721a4b5aaaead63bfd791dd8b94b07,2026-10-05T14:49:58.221490+00:00,candidate_000067.png,eaea6639fce0f05f6d981b24c4bf06d09900ea765b94d3a2741051eb1bd588b1,128,128,2,252,154.60040283203125,44.91265179592085,generated,Fresh candidate generated from deterministic latent seed
candidate_000068,202610050068,E:\Corpus_Callosum\24_gan_generation\models_wgan_gp\generator_wgan_gp_128.pth,e0665ea5aebbcb8f8ad8f4c55a9ba0335d721a4b5aaaead63bfd791dd8b94b07,2026-10-05T14:49:58.221490+00:00,candidate_000068.png,b9a3acc4c4165047863750419a6f25970ea51271bf33d96cc821ce719f065eb3,128,128,6,249,159.31103515625,41.2722913881511,generated,Fresh candidate generated from deterministic latent seed
candidate_000069,202610050069,E:\Corpus_Callosum\24_gan_generation\models_wgan_gp\generator_wgan_gp_128.pth,e0665ea5aebbcb8f8ad8f4c55a9ba0335d721a4b5aaaead63bfd791dd8b94b07,2026-10-05T14:49:58.221490+00:00,candidate_000069.png,eda8f6b27d3e2601de989976a3b4fd61feb3ee62a1801a9ddec209eca5486bb8,128,128,3,247,149.14019775390625,41.48076355937419,generated,Fresh candidate generated from deterministic latent seed
candidate_000070,202610050070,E:\Corpus_Callosum\24_gan_generation\models_wgan_gp\generator_wgan_gp_128.pth,e0665ea5aebbcb8f8ad8f4c55a9ba0335d721a4b5aaaead63bfd791dd8b94b07,2026-10-05T14:49:58.221490+00:00,candidate_000070.png,49a089c0b9448b7841a23a01f27dbe01aa3a119909fbd76444d418a60260eecd,128,128,5,251,149.9541015625,42.49730250829895,generated,Fresh candidate generated from deterministic latent seed
candidate_000071,202610050071,E:\Corpus_Callosum\24_gan_generation\models_wgan_gp\generator_wgan_gp_128.pth,e0665ea5aebbcb8f8ad8f4c55a9ba0335d721a4b5aaaead63bfd791dd8b94b07,2026-10-05T14:49:58.221490+00:00,candidate_000071.png,3e0ac6cd42cb5a8bbd817e8bd8d059aa79cdcb307ddcfd6b20132888cf98d142,128,128,3,248,152.92724609375,44.742400496415314,generated,Fresh candidate generated from deterministic latent seed
candidate_000072,202610050072,E:\Corpus_Callosum\24_gan_generation\models_wgan_gp\generator_wgan_gp_128.pth,e0665ea5aebbcb8f8ad8f4c55a9ba0335d721a4b5aaaead63bfd791dd8b94b07,2026-10-05T14:49:58.221490+00:00,candidate_000072.png,a933eb7d89c4f0486e51a7543779a61d95dc68bb5498c51158b58ee9b934488f,128,128,6,250,143.24407958984375,42.66690638248194,generated,Fresh candidate generated from deterministic latent seed
candidate_000073,202610050073,E:\Corpus_Callosum\24_gan_generation\models_wgan_gp\generator_wgan_gp_128.pth,e0665ea5aebbcb8f8ad8f4c55a9ba0335d721a4b5aaaead63bfd791dd8b94b07,2026-10-05T14:49:58.221490+00:00,candidate_000073.png,6188eac4bd025ee33937dfe4f5f580c4d8f786711cda71329b77870902ab09e7,128,128,5,251,161.08477783203125,42.130542600921984,generated,Fresh candidate generated from deterministic latent seed
candidate_000074,202610050074,E:\Corpus_Callosum\24_gan_generation\models_wgan_gp\generator_wgan_gp_128.pth,e0665ea5aebbcb8f8ad8f4c55a9ba0335d721a4b5aaaead63bfd791dd8b94b07,2026-10-05T14:49:58.221490+00:00,candidate_000074.png,af8549409669fa65e6373def220a5d6a1c469dff3cf61076f42fe2f3bac0bdc4,128,128,0,249,144.90283203125,48.97285881161854,generated,Fresh candidate generated from deterministic latent seed
candidate_000075,202610050075,E:\Corpus_Callosum\24_gan_generation\models_wgan_gp\generator_wgan_gp_128.pth,e0665ea5aebbcb8f8ad8f4c55a9ba0335d721a4b5aaaead63bfd791dd8b94b07,2026-10-05T14:49:58.221490+00:00,candidate_000075.png,93b79b1bb903b792839aa089b7618249e550de759b75f250e8373840ab40b972,128,128,8,249,144.18804931640625,40.89257555595062,generated,Fresh candidate generated from deterministic latent seed
candidate_000076,202610050076,E:\Corpus_Callosum\24_gan_generation\models_wgan_gp\generator_wgan_gp_128.pth,e0665ea5aebbcb8f8ad8f4c55a9ba0335d721a4b5aaaead63bfd791dd8b94b07,2026-10-05T14:49:58.221490+00:00,candidate_000076.png,7a40651318da5959e674608af2b5363d11ddf3624884bf0d0f2a69b89fb8c740,128,128,1,247,142.52783203125,45.06917514909968,generated,Fresh candidate generated from deterministic latent seed
candidate_000077,202610050077,E:\Corpus_Callosum\24_gan_generation\models_wgan_gp\generator_wgan_gp_128.pth,e0665ea5aebbcb8f8ad8f4c55a9ba0335d721a4b5aaaead63bfd791dd8b94b07,2026-10-05T14:49:58.221490+00:00,candidate_000077.png,fe083077feed1927118cda7e5923a4d5e0d7d9c68b8389de35a9a62d9b7213cd,128,128,0,252,149.53179931640625,39.945606199227825,generated,Fresh candidate generated from deterministic latent seed
candidate_000078,202610050078,E:\Corpus_Callosum\24_gan_generation\models_wgan_gp\generator_wgan_gp_128.pth,e0665ea5aebbcb8f8ad8f4c55a9ba0335d721a4b5aaaead63bfd791dd8b94b07,2026-10-05T14:49:58.221490+00:00,candidate_000078.png,e2cdcb9bc20e647abc00037c3f9127922961ba38a836efacfa1ecfb011616e64,128,128,11,237,168.56451416015625,30.230995257372264,generated,Fresh candidate generated from deterministic latent seed
candidate_000079,202610050079,E:\Corpus_Callosum\24_gan_generation\models_wgan_gp\generator_wgan_gp_128.pth,e0665ea5aebbcb8f8ad8f4c55a9ba0335d721a4b5aaaead63bfd791dd8b94b07,2026-10-05T14:49:58.221490+00:00,candidate_000079.png,badd31c720eaa73f44689ee832ce95ed45c38dce0e12e784e367863254d322f8,128,128,5,247,154.090087890625,43.44576207837078,generated,Fresh candidate generated from deterministic latent seed
candidate_000080,202610050080,E:\Corpus_Callosum\24_gan_generation\models_wgan_gp\generator_wgan_gp_128.pth,e0665ea5aebbcb8f8ad8f4c55a9ba0335d721a4b5aaaead63bfd791dd8b94b07,2026-10-05T14:49:58.221490+00:00,candidate_000080.png,aaaff53d5a7dcbe96cdb0e4842e3f1d2f9648e0daa9db90c9f814c3f3973eb4a,128,128,3,252,129.892578125,40.89556903854113,generated,Fresh candidate generated from deterministic latent seed
candidate_000081,202610050081,E:\Corpus_Callosum\24_gan_generation\models_wgan_gp\generator_wgan_gp_128.pth,e0665ea5aebbcb8f8ad8f4c55a9ba0335d721a4b5aaaead63bfd791dd8b94b07,2026-10-05T14:49:58.221490+00:00,candidate_000081.png,c8569abbc39afd0d6e344d72ec1d5a2ee515755b58053fd074c334702d7ae4f5,128,128,0,248,152.9755859375,45.73000427150978,generated,Fresh candidate generated from deterministic latent seed
candidate_000082,202610050082,E:\Corpus_Callosum\24_gan_generation\models_wgan_gp\generator_wgan_gp_128.pth,e0665ea5aebbcb8f8ad8f4c55a9ba0335d721a4b5aaaead63bfd791dd8b94b07,2026-10-05T14:49:58.221490+00:00,candidate_000082.png,92bd3b1aa52b15fa8779f9f4754a03571e8f71c0d48c415f49fcd422cd389c06,128,128,0,249,153.00164794921875,43.746230972908336,generated,Fresh candidate generated from deterministic latent seed
candidate_000083,202610050083,E:\Corpus_Callosum\24_gan_generation\models_wgan_gp\generator_wgan_gp_128.pth,e0665ea5aebbcb8f8ad8f4c55a9ba0335d721a4b5aaaead63bfd791dd8b94b07,2026-10-05T14:49:58.221490+00:00,candidate_000083.png,89979808b96ce2e185d4c9dd9b5d44115aba81cf29fa656ea1bbeb9dbe913285,128,128,0,253,140.33917236328125,42.540429284729605,generated,Fresh candidate generated from deterministic latent seed
candidate_000084,202610050084,E:\Corpus_Callosum\24_gan_generation\models_wgan_gp\generator_wgan_gp_128.pth,e0665ea5aebbcb8f8ad8f4c55a9ba0335d721a4b5aaaead63bfd791dd8b94b07,2026-10-05T14:49:58.221490+00:00,candidate_000084.png,79d06c19f25d16e84f418761821a10fe1734fc5118779ecf0b9de9dad4e6f637,128,128,9,239,171.30865478515625,32.127306554734425,generated,Fresh candidate generated from deterministic latent seed
candidate_000085,202610050085,E:\Corpus_Callosum\24_gan_generation\models_wgan_gp\generator_wgan_gp_128.pth,e0665ea5aebbcb8f8ad8f4c55a9ba0335d721a4b5aaaead63bfd791dd8b94b07,2026-10-05T14:49:58.221490+00:00,candidate_000085.png,2846243eaa01262ccdd2c27b15674806e014d610278d146b1c089080d4a2efcc,128,128,8,243,144.43890380859375,39.669433974595236,generated,Fresh candidate generated from deterministic latent seed
candidate_000086,202610050086,E:\Corpus_Callosum\24_gan_generation\models_wgan_gp\generator_wgan_gp_128.pth,e0665ea5aebbcb8f8ad8f4c55a9ba0335d721a4b5aaaead63bfd791dd8b94b07,2026-10-05T14:49:58.221490+00:00,candidate_000086.png,2a94bb38753cffcf46fb02983cf6692356ec98e9203b54fa0193242362561db5,128,128,1,252,157.168212890625,42.24231855479011,generated,Fresh candidate generated from deterministic latent seed
candidate_000087,202610050087,E:\Corpus_Callosum\24_gan_generation\models_wgan_gp\generator_wgan_gp_128.pth,e0665ea5aebbcb8f8ad8f4c55a9ba0335d721a4b5aaaead63bfd791dd8b94b07,2026-10-05T14:49:58.221490+00:00,candidate_000087.png,b560093d341a446313d07f495d0eadb5062ab82a39f7cbeb3987a6f3b84c588c,128,128,1,251,139.38604736328125,45.31815646969998,generated,Fresh candidate generated from deterministic latent seed
candidate_000088,202610050088,E:\Corpus_Callosum\24_gan_generation\models_wgan_gp\generator_wgan_gp_128.pth,e0665ea5aebbcb8f8ad8f4c55a9ba0335d721a4b5aaaead63bfd791dd8b94b07,2026-10-05T14:49:58.221490+00:00,candidate_000088.png,72063d0b0ccb76ec5933237ba5464103d72d06b82964baec81d567dc6ede1bca,128,128,0,251,149.2069091796875,49.010878357568984,generated,Fresh candidate generated from deterministic latent seed
candidate_000089,202610050089,E:\Corpus_Callosum\24_gan_generation\models_wgan_gp\generator_wgan_gp_128.pth,e0665ea5aebbcb8f8ad8f4c55a9ba0335d721a4b5aaaead63bfd791dd8b94b07,2026-10-05T14:49:58.221490+00:00,candidate_000089.png,7b70b65962ed7e3f00ee115ba4415ffab170ca2dcc32207def23bc34d88dc787,128,128,2,252,156.29052734375,42.855301291034536,generated,Fresh candidate generated from deterministic latent seed
candidate_000090,202610050090,E:\Corpus_Callosum\24_gan_generation\models_wgan_gp\generator_wgan_gp_128.pth,e0665ea5aebbcb8f8ad8f4c55a9ba0335d721a4b5aaaead63bfd791dd8b94b07,2026-10-05T14:49:58.221490+00:00,candidate_000090.png,d352946d29171b87f925c90f0bb9f772b199356a847dd1f79934139149d6747d,128,128,0,251,144.877685546875,47.9480213265938,generated,Fresh candidate generated from deterministic latent seed
candidate_000091,202610050091,E:\Corpus_Callosum\24_gan_generation\models_wgan_gp\generator_wgan_gp_128.pth,e0665ea5aebbcb8f8ad8f4c55a9ba0335d721a4b5aaaead63bfd791dd8b94b07,2026-10-05T14:49:58.221490+00:00,candidate_000091.png,a829a9806bfa49609acaf1c7899ec6370a6c2da1503df7ceab452352fd3d1156,128,128,0,248,155.70233154296875,40.86360911897002,generated,Fresh candidate generated from deterministic latent seed
candidate_000092,202610050092,E:\Corpus_Callosum\24_gan_generation\models_wgan_gp\generator_wgan_gp_128.pth,e0665ea5aebbcb8f8ad8f4c55a9ba0335d721a4b5aaaead63bfd791dd8b94b07,2026-10-05T14:49:58.221490+00:00,candidate_000092.png,41b8545ec95d0b788b1314b3745dfc68af2ca867a84f1c6f21bd9456b48b0a08,128,128,1,251,125.6224365234375,42.86798155156761,generated,Fresh candidate generated from deterministic latent seed
candidate_000093,202610050093,E:\Corpus_Callosum\24_gan_generation\models_wgan_gp\generator_wgan_gp_128.pth,e0665ea5aebbcb8f8ad8f4c55a9ba0335d721a4b5aaaead63bfd791dd8b94b07,2026-10-05T14:49:58.221490+00:00,candidate_000093.png,163d0e376755e5845d3a6de8e4c0909fe9c5627c297e95403064418800340ba7,128,128,0,252,140.0262451171875,42.92138775731903,generated,Fresh candidate generated from deterministic latent seed
candidate_000094,202610050094,E:\Corpus_Callosum\24_gan_generation\models_wgan_gp\generator_wgan_gp_128.pth,e0665ea5aebbcb8f8ad8f4c55a9ba0335d721a4b5aaaead63bfd791dd8b94b07,2026-10-05T14:49:58.221490+00:00,candidate_000094.png,06f5fc8543fbbce873c4ad031651a6a6b0729f0b0f7a4fa57b490bf8afd52774,128,128,3,246,155.83148193359375,42.77599216230862,generated,Fresh candidate generated from deterministic latent seed
candidate_000095,202610050095,E:\Corpus_Callosum\24_gan_generation\models_wgan_gp\generator_wgan_gp_128.pth,e0665ea5aebbcb8f8ad8f4c55a9ba0335d721a4b5aaaead63bfd791dd8b94b07,2026-10-05T14:49:58.221490+00:00,candidate_000095.png,c7f8c883d7cbb5cd31cd846bcbc0e53b81919648c503dfc3a7f312904a132b8f,128,128,0,251,155.22979736328125,43.11887681062797,generated,Fresh candidate generated from deterministic latent seed
candidate_000096,202610050096,E:\Corpus_Callosum\24_gan_generation\models_wgan_gp\generator_wgan_gp_128.pth,e0665ea5aebbcb8f8ad8f4c55a9ba0335d721a4b5aaaead63bfd791dd8b94b07,2026-10-05T14:49:58.221490+00:00,candidate_000096.png,e614cf32fd66a7e9fd218de2d3efe0fdf5c7c44b5d971352ee2e8c14a6cc882f,128,128,1,251,157.484619140625,43.711228721678054,generated,Fresh candidate generated from deterministic latent seed
candidate_000097,202610050097,E:\Corpus_Callosum\24_gan_generation\models_wgan_gp\generator_wgan_gp_128.pth,e0665ea5aebbcb8f8ad8f4c55a9ba0335d721a4b5aaaead63bfd791dd8b94b07,2026-10-05T14:49:58.221490+00:00,candidate_000097.png,29a7eeba5bd6cd4c8f7e76cb3befdfb77c5622ca42e70fe71a3f1bec1f922493,128,128,0,252,150.387939453125,47.27227500793696,generated,Fresh candidate generated from deterministic latent seed
candidate_000098,202610050098,E:\Corpus_Callosum\24_gan_generation\models_wgan_gp\generator_wgan_gp_128.pth,e0665ea5aebbcb8f8ad8f4c55a9ba0335d721a4b5aaaead63bfd791dd8b94b07,2026-10-05T14:49:58.221490+00:00,candidate_000098.png,f60f282f9f507790be17ac3465becba34915ea03d1268968f7cdfc9f387c6aee,128,128,3,249,149.36322021484375,42.531011402726016,generated,Fresh candidate generated from deterministic latent seed
candidate_000099,202610050099,E:\Corpus_Callosum\24_gan_generation\models_wgan_gp\generator_wgan_gp_128.pth,e0665ea5aebbcb8f8ad8f4c55a9ba0335d721a4b5aaaead63bfd791dd8b94b07,2026-10-05T14:49:58.221490+00:00,candidate_000099.png,daa22432b715fe750f5983eb66a2fcc567be8454da68981b625c969a13fb3e41,128,128,6,248,139.313720703125,41.54394078375171,generated,Fresh candidate generated from deterministic latent seed
candidate_000100,202610050100,E:\Corpus_Callosum\24_gan_generation\models_wgan_gp\generator_wgan_gp_128.pth,e0665ea5aebbcb8f8ad8f4c55a9ba0335d721a4b5aaaead63bfd791dd8b94b07,2026-10-05T14:49:58.221490+00:00,candidate_000100.png,1d9e89a8d0bace582d58979df4949f4dcbac4680f6b1784403115baa6787e9ab,128,128,4,245,151.362060546875,39.551741120170156,generated,Fresh candidate generated from deterministic latent seed
candidate_000101,202610050101,E:\Corpus_Callosum\24_gan_generation\models_wgan_gp\generator_wgan_gp_128.pth,e0665ea5aebbcb8f8ad8f4c55a9ba0335d721a4b5aaaead63bfd791dd8b94b07,2026-10-05T14:49:58.221490+00:00,candidate_000101.png,68a49ab50ebafd3d3c9ca21db94eb2e46869467a44868107e6d071e996358650,128,128,1,241,153.63031005859375,40.490863127719216,generated,Fresh candidate generated from deterministic latent seed
candidate_000102,202610050102,E:\Corpus_Callosum\24_gan_generation\models_wgan_gp\generator_wgan_gp_128.pth,e0665ea5aebbcb8f8ad8f4c55a9ba0335d721a4b5aaaead63bfd791dd8b94b07,2026-10-05T14:49:58.221490+00:00,candidate_000102.png,af18e675e88553f18fb0093d8986a786b542e100f592a664b424b9ece84c1246,128,128,3,245,169.708251953125,33.901988359353936,generated,Fresh candidate generated from deterministic latent seed
candidate_000103,202610050103,E:\Corpus_Callosum\24_gan_generation\models_wgan_gp\generator_wgan_gp_128.pth,e0665ea5aebbcb8f8ad8f4c55a9ba0335d721a4b5aaaead63bfd791dd8b94b07,2026-10-05T14:49:58.221490+00:00,candidate_000103.png,ef9378694c6d91c068f6ec4ff0eadc9dabb3cf829c66639968d0addad73337b3,128,128,0,253,143.91033935546875,47.999394278527525,generated,Fresh candidate generated from deterministic latent seed
candidate_000104,202610050104,E:\Corpus_Callosum\24_gan_generation\models_wgan_gp\generator_wgan_gp_128.pth,e0665ea5aebbcb8f8ad8f4c55a9ba0335d721a4b5aaaead63bfd791dd8b94b07,2026-10-05T14:49:58.221490+00:00,candidate_000104.png,4246be63199b414e92b87deaf0daef4d95dcfd1afafc58b02e442a5630a20d10,128,128,3,249,159.97186279296875,40.896951850962246,generated,Fresh candidate generated from deterministic latent seed
candidate_000105,202610050105,E:\Corpus_Callosum\24_gan_generation\models_wgan_gp\generator_wgan_gp_128.pth,e0665ea5aebbcb8f8ad8f4c55a9ba0335d721a4b5aaaead63bfd791dd8b94b07,2026-10-05T14:49:58.221490+00:00,candidate_000105.png,28ec9a0fa111fd5af3995f749933b550962f4b6e5715003d2bedfcedbdc349b9,128,128,6,245,150.30712890625,38.69795563680022,generated,Fresh candidate generated from deterministic latent seed
candidate_000106,202610050106,E:\Corpus_Callosum\24_gan_generation\models_wgan_gp\generator_wgan_gp_128.pth,e0665ea5aebbcb8f8ad8f4c55a9ba0335d721a4b5aaaead63bfd791dd8b94b07,2026-10-05T14:49:58.221490+00:00,candidate_000106.png,93e9119e58e6321fe5867cdccff3df3f41505b9d4e192014057cc0847ebd06c3,128,128,0,246,157.06451416015625,43.357848233629895,generated,Fresh candidate generated from deterministic latent seed
candidate_000107,202610050107,E:\Corpus_Callosum\24_gan_generation\models_wgan_gp\generator_wgan_gp_128.pth,e0665ea5aebbcb8f8ad8f4c55a9ba0335d721a4b5aaaead63bfd791dd8b94b07,2026-10-05T14:49:58.221490+00:00,candidate_000107.png,617c6a7b860c63ef1c485c01a916d1ea9f8c364c7fdb007b4a4f93eecf5f80a2,128,128,1,243,142.5240478515625,43.339277806654756,generated,Fresh candidate generated from deterministic latent seed
candidate_000108,202610050108,E:\Corpus_Callosum\24_gan_generation\models_wgan_gp\generator_wgan_gp_128.pth,e0665ea5aebbcb8f8ad8f4c55a9ba0335d721a4b5aaaead63bfd791dd8b94b07,2026-10-05T14:49:58.221490+00:00,candidate_000108.png,52349e290efb3d130690d0ba01f6334f0febc6551ac398ba74cf5a6551111da1,128,128,0,250,152.40826416015625,46.99145567867964,generated,Fresh candidate generated from deterministic latent seed
candidate_000109,202610050109,E:\Corpus_Callosum\24_gan_generation\models_wgan_gp\generator_wgan_gp_128.pth,e0665ea5aebbcb8f8ad8f4c55a9ba0335d721a4b5aaaead63bfd791dd8b94b07,2026-10-05T14:49:58.221490+00:00,candidate_000109.png,67995515c7e972936c3080da40565f89ad0ffe98f4e6d9ab65687b17469b2bdc,128,128,1,248,154.9107666015625,44.839179005910005,generated,Fresh candidate generated from deterministic latent seed
candidate_000110,202610050110,E:\Corpus_Callosum\24_gan_generation\models_wgan_gp\generator_wgan_gp_128.pth,e0665ea5aebbcb8f8ad8f4c55a9ba0335d721a4b5aaaead63bfd791dd8b94b07,2026-10-05T14:49:58.221490+00:00,candidate_000110.png,d5369fb62245200c0411e706dab65b8c990acd96cc4b627d37d3eff7f70341af,128,128,0,252,157.5970458984375,44.43922900187509,generated,Fresh candidate generated from deterministic latent seed
candidate_000111,202610050111,E:\Corpus_Callosum\24_gan_generation\models_wgan_gp\generator_wgan_gp_128.pth,e0665ea5aebbcb8f8ad8f4c55a9ba0335d721a4b5aaaead63bfd791dd8b94b07,2026-10-05T14:49:58.221490+00:00,candidate_000111.png,b405ba4a0b836e6e85a7d2713865fa476913c44ea2c15abf268b9a93325a9e0b,128,128,0,247,150.4346923828125,44.26882525222476,generated,Fresh candidate generated from deterministic latent seed
candidate_000112,202610050112,E:\Corpus_Callosum\24_gan_generation\models_wgan_gp\generator_wgan_gp_128.pth,e0665ea5aebbcb8f8ad8f4c55a9ba0335d721a4b5aaaead63bfd791dd8b94b07,2026-10-05T14:49:58.221490+00:00,candidate_000112.png,45fae95b1cc962278374c6a1d3e4c1949c8fc2ac773f8bc970249c9b79a29a30,128,128,12,246,168.50164794921875,35.21574475891271,generated,Fresh candidate generated from deterministic latent seed
candidate_000113,202610050113,E:\Corpus_Callosum\24_gan_generation\models_wgan_gp\generator_wgan_gp_128.pth,e0665ea5aebbcb8f8ad8f4c55a9ba0335d721a4b5aaaead63bfd791dd8b94b07,2026-10-05T14:49:58.221490+00:00,candidate_000113.png,8be7314aedfbf3d9ef1f8bbc1f76906698576769852723c55fe44ab255f9dddc,128,128,4,242,165.39764404296875,37.44455402053979,generated,Fresh candidate generated from deterministic latent seed
candidate_000114,202610050114,E:\Corpus_Callosum\24_gan_generation\models_wgan_gp\generator_wgan_gp_128.pth,e0665ea5aebbcb8f8ad8f4c55a9ba0335d721a4b5aaaead63bfd791dd8b94b07,2026-10-05T14:49:58.221490+00:00,candidate_000114.png,4e768f206d619ca4e5e620b0800986964dfd8fc577c1856fc309befa93b6376c,128,128,0,254,148.10980224609375,39.68770720430599,generated,Fresh candidate generated from deterministic latent seed
candidate_000115,202610050115,E:\Corpus_Callosum\24_gan_generation\models_wgan_gp\generator_wgan_gp_128.pth,e0665ea5aebbcb8f8ad8f4c55a9ba0335d721a4b5aaaead63bfd791dd8b94b07,2026-10-05T14:49:58.221490+00:00,candidate_000115.png,3a560cd6270eb5c91120909a18a2b988f9737c0e22e523117cb4d8f3205fbea9,128,128,12,241,149.1968994140625,41.41750201072298,generated,Fresh candidate generated from deterministic latent seed
candidate_000116,202610050116,E:\Corpus_Callosum\24_gan_generation\models_wgan_gp\generator_wgan_gp_128.pth,e0665ea5aebbcb8f8ad8f4c55a9ba0335d721a4b5aaaead63bfd791dd8b94b07,2026-10-05T14:49:58.221490+00:00,candidate_000116.png,fb027fdc0f992ce5adca4f9d55f69f9575ae3eea13ddff440ce685aa0a486e6d,128,128,0,250,142.11053466796875,50.05820392924953,generated,Fresh candidate generated from deterministic latent seed
candidate_000117,202610050117,E:\Corpus_Callosum\24_gan_generation\models_wgan_gp\generator_wgan_gp_128.pth,e0665ea5aebbcb8f8ad8f4c55a9ba0335d721a4b5aaaead63bfd791dd8b94b07,2026-10-05T14:49:58.221490+00:00,candidate_000117.png,47c298d5d63e2599844aba03e9aeeab1028fcec84c8f096c82aa6f8974a96d86,128,128,2,251,154.5609130859375,40.43897101200801,generated,Fresh candidate generated from deterministic latent seed
candidate_000118,202610050118,E:\Corpus_Callosum\24_gan_generation\models_wgan_gp\generator_wgan_gp_128.pth,e0665ea5aebbcb8f8ad8f4c55a9ba0335d721a4b5aaaead63bfd791dd8b94b07,2026-10-05T14:49:58.221490+00:00,candidate_000118.png,ad5cb0941a3acaf119ccadc2b59debab4233dc09d2c7e4004363e817c0cff1ee,128,128,56,241,181.6849365234375,18.95406151452404,generated,Fresh candidate generated from deterministic latent seed
candidate_000119,202610050119,E:\Corpus_Callosum\24_gan_generation\models_wgan_gp\generator_wgan_gp_128.pth,e0665ea5aebbcb8f8ad8f4c55a9ba0335d721a4b5aaaead63bfd791dd8b94b07,2026-10-05T14:49:58.221490+00:00,candidate_000119.png,522b65e444606070eb820ce7c5b47e8720280eb6a8f3ecc38c1fe9cb574c381b,128,128,0,253,150.87255859375,48.527988751664985,generated,Fresh candidate generated from deterministic latent seed
candidate_000120,202610050120,E:\Corpus_Callosum\24_gan_generation\models_wgan_gp\generator_wgan_gp_128.pth,e0665ea5aebbcb8f8ad8f4c55a9ba0335d721a4b5aaaead63bfd791dd8b94b07,2026-10-05T14:49:58.221490+00:00,candidate_000120.png,9c43186ccec260a2bfea9fcd82e6cfec6a0d835467385ee26661702341280b22,128,128,0,249,150.371826171875,42.53820149134447,generated,Fresh candidate generated from deterministic latent seed
candidate_000121,202610050121,E:\Corpus_Callosum\24_gan_generation\models_wgan_gp\generator_wgan_gp_128.pth,e0665ea5aebbcb8f8ad8f4c55a9ba0335d721a4b5aaaead63bfd791dd8b94b07,2026-10-05T14:49:58.221490+00:00,candidate_000121.png,89bbe350db1a9dc296e0934ff9b19e1377733ffb33b4c725036d41bc5d4f1e52,128,128,6,243,167.30242919921875,35.91052865550354,generated,Fresh candidate generated from deterministic latent seed
candidate_000122,202610050122,E:\Corpus_Callosum\24_gan_generation\models_wgan_gp\generator_wgan_gp_128.pth,e0665ea5aebbcb8f8ad8f4c55a9ba0335d721a4b5aaaead63bfd791dd8b94b07,2026-10-05T14:49:58.221490+00:00,candidate_000122.png,d31aa636d40faf683c2664c6358d03b0b5f08afdd7fbfbfa2a41057ae1340cce,128,128,8,251,153.82269287109375,40.06740987579176,generated,Fresh candidate generated from deterministic latent seed
candidate_000123,202610050123,E:\Corpus_Callosum\24_gan_generation\models_wgan_gp\generator_wgan_gp_128.pth,e0665ea5aebbcb8f8ad8f4c55a9ba0335d721a4b5aaaead63bfd791dd8b94b07,2026-10-05T14:49:58.221490+00:00,candidate_000123.png,81d97780203ce7918ed76c061c43f00cb6964f4f6cf9ec924b9e48ae0d8a3c03,128,128,1,249,146.302978515625,45.94223244028521,generated,Fresh candidate generated from deterministic latent seed
candidate_000124,202610050124,E:\Corpus_Callosum\24_gan_generation\models_wgan_gp\generator_wgan_gp_128.pth,e0665ea5aebbcb8f8ad8f4c55a9ba0335d721a4b5aaaead63bfd791dd8b94b07,2026-10-05T14:49:58.221490+00:00,candidate_000124.png,a185c954231b501961ced3fe1af87b601cf1f717baba9a156ba6abd046b41b6b,128,128,6,248,169.7550048828125,36.13067526584567,generated,Fresh candidate generated from deterministic latent seed
candidate_000125,202610050125,E:\Corpus_Callosum\24_gan_generation\models_wgan_gp\generator_wgan_gp_128.pth,e0665ea5aebbcb8f8ad8f4c55a9ba0335d721a4b5aaaead63bfd791dd8b94b07,2026-10-05T14:49:58.221490+00:00,candidate_000125.png,05063041d1f5da71ddc55dee35c3469640472beca0077f0eed3d0b5bc8a00d38,128,128,0,251,162.730712890625,41.076735654038856,generated,Fresh candidate generated from deterministic latent seed
candidate_000126,202610050126,E:\Corpus_Callosum\24_gan_generation\models_wgan_gp\generator_wgan_gp_128.pth,e0665ea5aebbcb8f8ad8f4c55a9ba0335d721a4b5aaaead63bfd791dd8b94b07,2026-10-05T14:49:58.221490+00:00,candidate_000126.png,06d4b12b0902f9776ff2d6e440a743707f618e7f649c2a0f85a81bd7b8fc362c,128,128,16,246,165.54656982421875,34.79060941010479,generated,Fresh candidate generated from deterministic latent seed
candidate_000127,202610050127,E:\Corpus_Callosum\24_gan_generation\models_wgan_gp\generator_wgan_gp_128.pth,e0665ea5aebbcb8f8ad8f4c55a9ba0335d721a4b5aaaead63bfd791dd8b94b07,2026-10-05T14:49:58.221490+00:00,candidate_000127.png,8ed46449ae209e53ac1fa2b60b1bc6d2c731a8235c9aeec1389c7da9a5c62929,128,128,3,246,155.49029541015625,38.30741648524553,generated,Fresh candidate generated from deterministic latent seed
candidate_000128,202610050128,E:\Corpus_Callosum\24_gan_generation\models_wgan_gp\generator_wgan_gp_128.pth,e0665ea5aebbcb8f8ad8f4c55a9ba0335d721a4b5aaaead63bfd791dd8b94b07,2026-10-05T14:49:58.221490+00:00,candidate_000128.png,15ec06bb9286517aedb8cd077446397cc510b938d2633e11267d37f62a55f223,128,128,0,252,150.36541748046875,49.20843843220451,generated,Fresh candidate generated from deterministic latent seed
candidate_000129,202610050129,E:\Corpus_Callosum\24_gan_generation\models_wgan_gp\generator_wgan_gp_128.pth,e0665ea5aebbcb8f8ad8f4c55a9ba0335d721a4b5aaaead63bfd791dd8b94b07,2026-10-05T14:49:58.221490+00:00,candidate_000129.png,bf9a337be1b84cb8fdda757366be7fc2637c8672efa298b2c48c56c4f59aea16,128,128,8,248,167.049560546875,37.716095919493625,generated,Fresh candidate generated from deterministic latent seed
candidate_000130,202610050130,E:\Corpus_Callosum\24_gan_generation\models_wgan_gp\generator_wgan_gp_128.pth,e0665ea5aebbcb8f8ad8f4c55a9ba0335d721a4b5aaaead63bfd791dd8b94b07,2026-10-05T14:49:58.221490+00:00,candidate_000130.png,f041b45e64cc782d5c501cc6fbc69526cf12faeb1a25ff9dd2b8f0343edc4b65,128,128,2,250,153.259521484375,42.92877722721843,generated,Fresh candidate generated from deterministic latent seed
candidate_000131,202610050131,E:\Corpus_Callosum\24_gan_generation\models_wgan_gp\generator_wgan_gp_128.pth,e0665ea5aebbcb8f8ad8f4c55a9ba0335d721a4b5aaaead63bfd791dd8b94b07,2026-10-05T14:49:58.221490+00:00,candidate_000131.png,f8c38e411330c1fca314506e1df9269f2e0454ab39c8863625f4ece09b00890d,128,128,0,251,134.856689453125,45.02472702991551,generated,Fresh candidate generated from deterministic latent seed
candidate_000132,202610050132,E:\Corpus_Callosum\24_gan_generation\models_wgan_gp\generator_wgan_gp_128.pth,e0665ea5aebbcb8f8ad8f4c55a9ba0335d721a4b5aaaead63bfd791dd8b94b07,2026-10-05T14:49:58.221490+00:00,candidate_000132.png,b710ae109b77c21b537f7f27d0423cd11ca9e5049c24d6e5cb24586e725e7e26,128,128,22,244,153.2784423828125,37.25037992826907,generated,Fresh candidate generated from deterministic latent seed
candidate_000133,202610050133,E:\Corpus_Callosum\24_gan_generation\models_wgan_gp\generator_wgan_gp_128.pth,e0665ea5aebbcb8f8ad8f4c55a9ba0335d721a4b5aaaead63bfd791dd8b94b07,2026-10-05T14:49:58.221490+00:00,candidate_000133.png,daa5f66051123cec674cc60d856a29f9e0db2f48a0b6ab1a82ee37af3fdee990,128,128,2,250,145.168212890625,39.422058007521976,generated,Fresh candidate generated from deterministic latent seed
candidate_000134,202610050134,E:\Corpus_Callosum\24_gan_generation\models_wgan_gp\generator_wgan_gp_128.pth,e0665ea5aebbcb8f8ad8f4c55a9ba0335d721a4b5aaaead63bfd791dd8b94b07,2026-10-05T14:49:58.221490+00:00,candidate_000134.png,826042e57ef78aa6805af74150174116850a8c41f8ccefff90fb386e78e1f806,128,128,15,246,155.98712158203125,40.53897011896709,generated,Fresh candidate generated from deterministic latent seed
candidate_000135,202610050135,E:\Corpus_Callosum\24_gan_generation\models_wgan_gp\generator_wgan_gp_128.pth,e0665ea5aebbcb8f8ad8f4c55a9ba0335d721a4b5aaaead63bfd791dd8b94b07,2026-10-05T14:49:58.221490+00:00,candidate_000135.png,124a924758fcb8087c77b18767b88137024d183a7fbd3c09438a9c805330b785,128,128,0,251,146.41632080078125,49.15241516687588,generated,Fresh candidate generated from deterministic latent seed
candidate_000136,202610050136,E:\Corpus_Callosum\24_gan_generation\models_wgan_gp\generator_wgan_gp_128.pth,e0665ea5aebbcb8f8ad8f4c55a9ba0335d721a4b5aaaead63bfd791dd8b94b07,2026-10-05T14:49:58.221490+00:00,candidate_000136.png,8afebb6624f85dd109fc51170fdc9a3f0206bdce207ea427a5d8e17817d3636f,128,128,4,250,144.00518798828125,48.13572866347495,generated,Fresh candidate generated from deterministic latent seed
candidate_000137,202610050137,E:\Corpus_Callosum\24_gan_generation\models_wgan_gp\generator_wgan_gp_128.pth,e0665ea5aebbcb8f8ad8f4c55a9ba0335d721a4b5aaaead63bfd791dd8b94b07,2026-10-05T14:49:58.221490+00:00,candidate_000137.png,db6fa2b5bcf6033e95edb5c08710a233368fc1b3c7e9faaf02556dda735677b4,128,128,5,248,150.58343505859375,40.69239897682901,generated,Fresh candidate generated from deterministic latent seed
candidate_000138,202610050138,E:\Corpus_Callosum\24_gan_generation\models_wgan_gp\generator_wgan_gp_128.pth,e0665ea5aebbcb8f8ad8f4c55a9ba0335d721a4b5aaaead63bfd791dd8b94b07,2026-10-05T14:49:58.221490+00:00,candidate_000138.png,68e46667abb5cc20350b33452f89e9df94b1f017cc51eb646b848282703c8271,128,128,1,253,137.3201904296875,42.39457302342762,generated,Fresh candidate generated from deterministic latent seed
candidate_000139,202610050139,E:\Corpus_Callosum\24_gan_generation\models_wgan_gp\generator_wgan_gp_128.pth,e0665ea5aebbcb8f8ad8f4c55a9ba0335d721a4b5aaaead63bfd791dd8b94b07,2026-10-05T14:49:58.221490+00:00,candidate_000139.png,1633091b2ccba59d3ff2bdde64eb4cd58c060f1bc73936aacce3412b7b9cacd7,128,128,0,252,152.5369873046875,48.29245141204373,generated,Fresh candidate generated from deterministic latent seed
candidate_000140,202610050140,E:\Corpus_Callosum\24_gan_generation\models_wgan_gp\generator_wgan_gp_128.pth,e0665ea5aebbcb8f8ad8f4c55a9ba0335d721a4b5aaaead63bfd791dd8b94b07,2026-10-05T14:49:58.221490+00:00,candidate_000140.png,1e20153ad3fd0eea5d3bc27b328ee647d7ae7724bc0643475b9bd4d820a8cc68,128,128,1,247,154.818359375,42.83641371183123,generated,Fresh candidate generated from deterministic latent seed
candidate_000141,202610050141,E:\Corpus_Callosum\24_gan_generation\models_wgan_gp\generator_wgan_gp_128.pth,e0665ea5aebbcb8f8ad8f4c55a9ba0335d721a4b5aaaead63bfd791dd8b94b07,2026-10-05T14:49:58.221490+00:00,candidate_000141.png,634f63fc7bde1d09265b08ea14c644f0cab395250e7591100be159d37c7fd03e,128,128,0,248,146.55438232421875,46.508790558381946,generated,Fresh candidate generated from deterministic latent seed
candidate_000142,202610050142,E:\Corpus_Callosum\24_gan_generation\models_wgan_gp\generator_wgan_gp_128.pth,e0665ea5aebbcb8f8ad8f4c55a9ba0335d721a4b5aaaead63bfd791dd8b94b07,2026-10-05T14:49:58.221490+00:00,candidate_000142.png,ba898ebb5b76f05927d1f0f8d7f9a8b87fff1786b29c6fd96510e1451a7abf80,128,128,0,246,148.6854248046875,41.16263733494696,generated,Fresh candidate generated from deterministic latent seed
candidate_000143,202610050143,E:\Corpus_Callosum\24_gan_generation\models_wgan_gp\generator_wgan_gp_128.pth,e0665ea5aebbcb8f8ad8f4c55a9ba0335d721a4b5aaaead63bfd791dd8b94b07,2026-10-05T14:49:58.221490+00:00,candidate_000143.png,7c2119e310e371e146b0a51cf4bfd52c958364bfd279e90e85fd764e7967d0d4,128,128,6,245,151.0831298828125,42.77131828161933,generated,Fresh candidate generated from deterministic latent seed
candidate_000144,202610050144,E:\Corpus_Callosum\24_gan_generation\models_wgan_gp\generator_wgan_gp_128.pth,e0665ea5aebbcb8f8ad8f4c55a9ba0335d721a4b5aaaead63bfd791dd8b94b07,2026-10-05T14:49:58.221490+00:00,candidate_000144.png,3c6222b36d888e464a7e80c8657182d47d3a81cdcac1bd3cd038eb5a8177df38,128,128,0,252,139.01922607421875,47.05358360906985,generated,Fresh candidate generated from deterministic latent seed
candidate_000145,202610050145,E:\Corpus_Callosum\24_gan_generation\models_wgan_gp\generator_wgan_gp_128.pth,e0665ea5aebbcb8f8ad8f4c55a9ba0335d721a4b5aaaead63bfd791dd8b94b07,2026-10-05T14:49:58.221490+00:00,candidate_000145.png,d93041d3621a794ebf6d8cb7d29b7627dcfd7fd67187142af1f8c0a33932c055,128,128,5,250,157.54107666015625,41.077811752478404,generated,Fresh candidate generated from deterministic latent seed
candidate_000146,202610050146,E:\Corpus_Callosum\24_gan_generation\models_wgan_gp\generator_wgan_gp_128.pth,e0665ea5aebbcb8f8ad8f4c55a9ba0335d721a4b5aaaead63bfd791dd8b94b07,2026-10-05T14:49:58.221490+00:00,candidate_000146.png,717d9eba6b5604037cc29272edafa97254b38546267be54c8245f35fd3318f82,128,128,30,240,173.28851318359375,29.668296830169556,generated,Fresh candidate generated from deterministic latent seed
candidate_000147,202610050147,E:\Corpus_Callosum\24_gan_generation\models_wgan_gp\generator_wgan_gp_128.pth,e0665ea5aebbcb8f8ad8f4c55a9ba0335d721a4b5aaaead63bfd791dd8b94b07,2026-10-05T14:49:58.221490+00:00,candidate_000147.png,c19e2d335bd12bc8e245c3e825b2eb03b303c08d387aff8fb1302df2c0f13967,128,128,2,248,161.39990234375,40.41361307852561,generated,Fresh candidate generated from deterministic latent seed
candidate_000148,202610050148,E:\Corpus_Callosum\24_gan_generation\models_wgan_gp\generator_wgan_gp_128.pth,e0665ea5aebbcb8f8ad8f4c55a9ba0335d721a4b5aaaead63bfd791dd8b94b07,2026-10-05T14:49:58.221490+00:00,candidate_000148.png,4b8c85f356010f7b13155b9c4fdebf5344e79d23ca587fcab1a7668e2eb85b39,128,128,0,250,143.5626220703125,41.99098453927786,generated,Fresh candidate generated from deterministic latent seed
candidate_000149,202610050149,E:\Corpus_Callosum\24_gan_generation\models_wgan_gp\generator_wgan_gp_128.pth,e0665ea5aebbcb8f8ad8f4c55a9ba0335d721a4b5aaaead63bfd791dd8b94b07,2026-10-05T14:49:58.221490+00:00,candidate_000149.png,81fcd35acc078975dc5299686d6ecd241466b095bc62981165abe1222823618c,128,128,2,248,159.75628662109375,40.8754657702328,generated,Fresh candidate generated from deterministic latent seed
candidate_000150,202610050150,E:\Corpus_Callosum\24_gan_generation\models_wgan_gp\generator_wgan_gp_128.pth,e0665ea5aebbcb8f8ad8f4c55a9ba0335d721a4b5aaaead63bfd791dd8b94b07,2026-10-05T14:49:58.221490+00:00,candidate_000150.png,ac12715a383762ec33867cecd5f79e2e9bc8be5fd76a049e471f5d9fb9f117a2,128,128,1,246,160.2557373046875,42.65267445858529,generated,Fresh candidate generated from deterministic latent seed
candidate_000151,202610050151,E:\Corpus_Callosum\24_gan_generation\models_wgan_gp\generator_wgan_gp_128.pth,e0665ea5aebbcb8f8ad8f4c55a9ba0335d721a4b5aaaead63bfd791dd8b94b07,2026-10-05T14:49:58.221490+00:00,candidate_000151.png,a36a290b7311f0cd529bbe2536aade4858dfc0a6562877395a2d582bcf221d15,128,128,0,251,156.13525390625,42.1848974004386,generated,Fresh candidate generated from deterministic latent seed
candidate_000152,202610050152,E:\Corpus_Callosum\24_gan_generation\models_wgan_gp\generator_wgan_gp_128.pth,e0665ea5aebbcb8f8ad8f4c55a9ba0335d721a4b5aaaead63bfd791dd8b94b07,2026-10-05T14:49:58.221490+00:00,candidate_000152.png,de4fb67bf47c4b8709409b8b529578a44d0f15b7818f28d92547c17026f9b677,128,128,0,251,139.066650390625,48.647408839803504,generated,Fresh candidate generated from deterministic latent seed
candidate_000153,202610050153,E:\Corpus_Callosum\24_gan_generation\models_wgan_gp\generator_wgan_gp_128.pth,e0665ea5aebbcb8f8ad8f4c55a9ba0335d721a4b5aaaead63bfd791dd8b94b07,2026-10-05T14:49:58.221490+00:00,candidate_000153.png,5a47be8a5d584fceaac11c48e7d7e2da0b53ecaa1b6ffe1879e341e7fcb34afa,128,128,3,250,146.4718017578125,43.95953934461083,generated,Fresh candidate generated from deterministic latent seed
candidate_000154,202610050154,E:\Corpus_Callosum\24_gan_generation\models_wgan_gp\generator_wgan_gp_128.pth,e0665ea5aebbcb8f8ad8f4c55a9ba0335d721a4b5aaaead63bfd791dd8b94b07,2026-10-05T14:49:58.221490+00:00,candidate_000154.png,64399ec4331a7d61ce27481c499f29aad28db4b063f6ba49b34b110292fd9604,128,128,7,242,168.782958984375,33.385928946129,generated,Fresh candidate generated from deterministic latent seed
candidate_000155,202610050155,E:\Corpus_Callosum\24_gan_generation\models_wgan_gp\generator_wgan_gp_128.pth,e0665ea5aebbcb8f8ad8f4c55a9ba0335d721a4b5aaaead63bfd791dd8b94b07,2026-10-05T14:49:58.221490+00:00,candidate_000155.png,d30a53b886ac94d1f7b05f206b305639ede3250c4c219dd5a2908dbf8aa37e6f,128,128,2,252,156.5333251953125,43.1167081903703,generated,Fresh candidate generated from deterministic latent seed
candidate_000156,202610050156,E:\Corpus_Callosum\24_gan_generation\models_wgan_gp\generator_wgan_gp_128.pth,e0665ea5aebbcb8f8ad8f4c55a9ba0335d721a4b5aaaead63bfd791dd8b94b07,2026-10-05T14:49:58.221490+00:00,candidate_000156.png,69e64d538d2ef4def9968f0ef828f5d52527d712ae4f5750cec7e7b0f5a6e4b7,128,128,0,253,134.80975341796875,44.2937030399574,generated,Fresh candidate generated from deterministic latent seed
candidate_000157,202610050157,E:\Corpus_Callosum\24_gan_generation\models_wgan_gp\generator_wgan_gp_128.pth,e0665ea5aebbcb8f8ad8f4c55a9ba0335d721a4b5aaaead63bfd791dd8b94b07,2026-10-05T14:49:58.221490+00:00,candidate_000157.png,3ef56dd77c180f133a969cd03c29a0fe4abdf9ab2fde6dbadce752488e763c33,128,128,0,253,158.567626953125,45.44153440043066,generated,Fresh candidate generated from deterministic latent seed
candidate_000158,202610050158,E:\Corpus_Callosum\24_gan_generation\models_wgan_gp\generator_wgan_gp_128.pth,e0665ea5aebbcb8f8ad8f4c55a9ba0335d721a4b5aaaead63bfd791dd8b94b07,2026-10-05T14:49:58.221490+00:00,candidate_000158.png,479995c79b32b430f0d154a1e16be1b5e342d8a84da823cb57bc15862922bb0b,128,128,0,247,158.16241455078125,43.99991594818436,generated,Fresh candidate generated from deterministic latent seed
candidate_000159,202610050159,E:\Corpus_Callosum\24_gan_generation\models_wgan_gp\generator_wgan_gp_128.pth,e0665ea5aebbcb8f8ad8f4c55a9ba0335d721a4b5aaaead63bfd791dd8b94b07,2026-10-05T14:49:58.221490+00:00,candidate_000159.png,9f2df5694b17f7842aa1d6794e39ffd9c7e971e91a37d80291726ef19b3fa62f,128,128,2,252,128.52606201171875,41.49503517070952,generated,Fresh candidate generated from deterministic latent seed
candidate_000160,202610050160,E:\Corpus_Callosum\24_gan_generation\models_wgan_gp\generator_wgan_gp_128.pth,e0665ea5aebbcb8f8ad8f4c55a9ba0335d721a4b5aaaead63bfd791dd8b94b07,2026-10-05T14:49:58.221490+00:00,candidate_000160.png,99b3216e8b2afd6a94cbf7817229133fb6bed20163c9a42062e94c1dfcd3d533,128,128,1,246,156.14715576171875,42.49162386400126,generated,Fresh candidate generated from deterministic latent seed
candidate_000161,202610050161,E:\Corpus_Callosum\24_gan_generation\models_wgan_gp\generator_wgan_gp_128.pth,e0665ea5aebbcb8f8ad8f4c55a9ba0335d721a4b5aaaead63bfd791dd8b94b07,2026-10-05T14:49:58.221490+00:00,candidate_000161.png,0855ca3ee8767f1a49bb199fb7693f9dd9cb323acea9a800eda9d70d55cfa118,128,128,2,252,145.39581298828125,45.88341985218859,generated,Fresh candidate generated from deterministic latent seed
candidate_000162,202610050162,E:\Corpus_Callosum\24_gan_generation\models_wgan_gp\generator_wgan_gp_128.pth,e0665ea5aebbcb8f8ad8f4c55a9ba0335d721a4b5aaaead63bfd791dd8b94b07,2026-10-05T14:49:58.221490+00:00,candidate_000162.png,9aeec9be443f91faaed350706bb77ea1c48853c9b6053814c6cf27387361b11d,128,128,1,251,159.7320556640625,43.44757058140983,generated,Fresh candidate generated from deterministic latent seed
candidate_000163,202610050163,E:\Corpus_Callosum\24_gan_generation\models_wgan_gp\generator_wgan_gp_128.pth,e0665ea5aebbcb8f8ad8f4c55a9ba0335d721a4b5aaaead63bfd791dd8b94b07,2026-10-05T14:49:58.221490+00:00,candidate_000163.png,db4eaf2eb311ef32f91c8d2186399b166937fbb8552beca51563584a51370361,128,128,1,247,142.90118408203125,46.82205018325847,generated,Fresh candidate generated from deterministic latent seed
candidate_000164,202610050164,E:\Corpus_Callosum\24_gan_generation\models_wgan_gp\generator_wgan_gp_128.pth,e0665ea5aebbcb8f8ad8f4c55a9ba0335d721a4b5aaaead63bfd791dd8b94b07,2026-10-05T14:49:58.221490+00:00,candidate_000164.png,3edbcb346e462a32c2d4a492b53ceca9f76e102c7ad9fbe9733d58ff8609069c,128,128,11,239,175.61737060546875,27.65950755038915,generated,Fresh candidate generated from deterministic latent seed
candidate_000165,202610050165,E:\Corpus_Callosum\24_gan_generation\models_wgan_gp\generator_wgan_gp_128.pth,e0665ea5aebbcb8f8ad8f4c55a9ba0335d721a4b5aaaead63bfd791dd8b94b07,2026-10-05T14:49:58.221490+00:00,candidate_000165.png,afca361a6f22235476d32f8a8b3b51e3a0f56176d5a284ff3e6da4835d1b2848,128,128,67,235,183.4686279296875,18.740707128703264,generated,Fresh candidate generated from deterministic latent seed
candidate_000166,202610050166,E:\Corpus_Callosum\24_gan_generation\models_wgan_gp\generator_wgan_gp_128.pth,e0665ea5aebbcb8f8ad8f4c55a9ba0335d721a4b5aaaead63bfd791dd8b94b07,2026-10-05T14:49:58.221490+00:00,candidate_000166.png,3e87ec037d53679d0655d08f98f48cd6bf843f1f5934e0c4ea56a52f677e7f66,128,128,1,247,141.56915283203125,38.61472548816639,generated,Fresh candidate generated from deterministic latent seed
candidate_000167,202610050167,E:\Corpus_Callosum\24_gan_generation\models_wgan_gp\generator_wgan_gp_128.pth,e0665ea5aebbcb8f8ad8f4c55a9ba0335d721a4b5aaaead63bfd791dd8b94b07,2026-10-05T14:49:58.221490+00:00,candidate_000167.png,7b95323df9daa8867db26aaac48beb0b09e4519d6d568ee5026e8f768fdb19d3,128,128,0,253,156.856689453125,46.0663872085334,generated,Fresh candidate generated from deterministic latent seed
candidate_000168,202610050168,E:\Corpus_Callosum\24_gan_generation\models_wgan_gp\generator_wgan_gp_128.pth,e0665ea5aebbcb8f8ad8f4c55a9ba0335d721a4b5aaaead63bfd791dd8b94b07,2026-10-05T14:49:58.221490+00:00,candidate_000168.png,4d8df56676f105f0a41d2ea7540c2fe7545d753d4ec552d05e175dee86508213,128,128,4,250,159.2496337890625,41.99021216124489,generated,Fresh candidate generated from deterministic latent seed
candidate_000169,202610050169,E:\Corpus_Callosum\24_gan_generation\models_wgan_gp\generator_wgan_gp_128.pth,e0665ea5aebbcb8f8ad8f4c55a9ba0335d721a4b5aaaead63bfd791dd8b94b07,2026-10-05T14:49:58.221490+00:00,candidate_000169.png,784b09d5ac77cedd4674ab84212ca707b2d1936d87bbb2a4acc1cbe7fcb2f804,128,128,8,250,156.02484130859375,40.47247425671142,generated,Fresh candidate generated from deterministic latent seed
candidate_000170,202610050170,E:\Corpus_Callosum\24_gan_generation\models_wgan_gp\generator_wgan_gp_128.pth,e0665ea5aebbcb8f8ad8f4c55a9ba0335d721a4b5aaaead63bfd791dd8b94b07,2026-10-05T14:49:58.221490+00:00,candidate_000170.png,7056081ab0e39f2e11da567ec0ee5e51a7358271cb8e83b66495d63759064a4f,128,128,1,251,151.4537353515625,46.35508736083605,generated,Fresh candidate generated from deterministic latent seed
candidate_000171,202610050171,E:\Corpus_Callosum\24_gan_generation\models_wgan_gp\generator_wgan_gp_128.pth,e0665ea5aebbcb8f8ad8f4c55a9ba0335d721a4b5aaaead63bfd791dd8b94b07,2026-10-05T14:49:58.221490+00:00,candidate_000171.png,b0345b976605dde4a0e51c6d206daf94c6fedbfa8cfa58c0425636e36a7ef2ac,128,128,0,251,148.39056396484375,43.85406970857105,generated,Fresh candidate generated from deterministic latent seed
candidate_000172,202610050172,E:\Corpus_Callosum\24_gan_generation\models_wgan_gp\generator_wgan_gp_128.pth,e0665ea5aebbcb8f8ad8f4c55a9ba0335d721a4b5aaaead63bfd791dd8b94b07,2026-10-05T14:49:58.221490+00:00,candidate_000172.png,7f1e69c6c3f566013147a6f3d104fd906d3559db13825332212f332daaa452cb,128,128,4,247,158.1361083984375,41.916642422835764,generated,Fresh candidate generated from deterministic latent seed
candidate_000173,202610050173,E:\Corpus_Callosum\24_gan_generation\models_wgan_gp\generator_wgan_gp_128.pth,e0665ea5aebbcb8f8ad8f4c55a9ba0335d721a4b5aaaead63bfd791dd8b94b07,2026-10-05T14:49:58.221490+00:00,candidate_000173.png,e757485845291e1514ec5ba4bb76be91d672f528765411b138a517826f5d9979,128,128,13,248,162.5794677734375,35.69606444559729,generated,Fresh candidate generated from deterministic latent seed
candidate_000174,202610050174,E:\Corpus_Callosum\24_gan_generation\models_wgan_gp\generator_wgan_gp_128.pth,e0665ea5aebbcb8f8ad8f4c55a9ba0335d721a4b5aaaead63bfd791dd8b94b07,2026-10-05T14:49:58.221490+00:00,candidate_000174.png,7fdc613ff0524850bf08cbacf436cef45d24cc651d9beca6f6acbcda159050dd,128,128,2,251,160.851318359375,39.72506358676932,generated,Fresh candidate generated from deterministic latent seed
candidate_000175,202610050175,E:\Corpus_Callosum\24_gan_generation\models_wgan_gp\generator_wgan_gp_128.pth,e0665ea5aebbcb8f8ad8f4c55a9ba0335d721a4b5aaaead63bfd791dd8b94b07,2026-10-05T14:49:58.221490+00:00,candidate_000175.png,bd7672144d2caffba740fce3331d1d44941b3d7cfb0f19026e6434f0d3096221,128,128,6,243,145.85833740234375,39.941589586308176,generated,Fresh candidate generated from deterministic latent seed
candidate_000176,202610050176,E:\Corpus_Callosum\24_gan_generation\models_wgan_gp\generator_wgan_gp_128.pth,e0665ea5aebbcb8f8ad8f4c55a9ba0335d721a4b5aaaead63bfd791dd8b94b07,2026-10-05T14:49:58.221490+00:00,candidate_000176.png,8f27f4d8551ad6a9fa7480675228256f3c1c6fcaf6ea5467497de69fedecba77,128,128,0,254,151.41607666015625,47.826268573474266,generated,Fresh candidate generated from deterministic latent seed
candidate_000177,202610050177,E:\Corpus_Callosum\24_gan_generation\models_wgan_gp\generator_wgan_gp_128.pth,e0665ea5aebbcb8f8ad8f4c55a9ba0335d721a4b5aaaead63bfd791dd8b94b07,2026-10-05T14:49:58.221490+00:00,candidate_000177.png,9b776a57f2afdcf6214cd714b3059714f063a186697dc325d8f336ea04ea1956,128,128,2,245,136.46282958984375,43.853398575284864,generated,Fresh candidate generated from deterministic latent seed
candidate_000178,202610050178,E:\Corpus_Callosum\24_gan_generation\models_wgan_gp\generator_wgan_gp_128.pth,e0665ea5aebbcb8f8ad8f4c55a9ba0335d721a4b5aaaead63bfd791dd8b94b07,2026-10-05T14:49:58.221490+00:00,candidate_000178.png,8fe4edbf7fb9140f0f0be8bc94713f525a120b930a00380db2200189054ccb55,128,128,2,251,127.8349609375,39.80194017626966,generated,Fresh candidate generated from deterministic latent seed
candidate_000179,202610050179,E:\Corpus_Callosum\24_gan_generation\models_wgan_gp\generator_wgan_gp_128.pth,e0665ea5aebbcb8f8ad8f4c55a9ba0335d721a4b5aaaead63bfd791dd8b94b07,2026-10-05T14:49:58.221490+00:00,candidate_000179.png,59c6f01dff8d1a1af798d0eb649245dc713ca7cbf9b2911b7b8650b29f28439a,128,128,3,249,142.85455322265625,43.56301447890018,generated,Fresh candidate generated from deterministic latent seed
candidate_000180,202610050180,E:\Corpus_Callosum\24_gan_generation\models_wgan_gp\generator_wgan_gp_128.pth,e0665ea5aebbcb8f8ad8f4c55a9ba0335d721a4b5aaaead63bfd791dd8b94b07,2026-10-05T14:49:58.221490+00:00,candidate_000180.png,be979517e27c15198f9e8127fc868bbc1612b3dafa71047c9494e9cb7a2321d1,128,128,2,243,160.50714111328125,39.0443654503254,generated,Fresh candidate generated from deterministic latent seed
candidate_000181,202610050181,E:\Corpus_Callosum\24_gan_generation\models_wgan_gp\generator_wgan_gp_128.pth,e0665ea5aebbcb8f8ad8f4c55a9ba0335d721a4b5aaaead63bfd791dd8b94b07,2026-10-05T14:49:58.221490+00:00,candidate_000181.png,7233bd98561189b2c4fc32f0b12f38450b4318319f10f2425bcaa6d9b10cbc78,128,128,7,250,149.9970703125,45.46569729025176,generated,Fresh candidate generated from deterministic latent seed
candidate_000182,202610050182,E:\Corpus_Callosum\24_gan_generation\models_wgan_gp\generator_wgan_gp_128.pth,e0665ea5aebbcb8f8ad8f4c55a9ba0335d721a4b5aaaead63bfd791dd8b94b07,2026-10-05T14:49:58.221490+00:00,candidate_000182.png,40ca9d4ca6c6211dec07a6d2a41234eed1e77f6b956e77d94969d4a1990ef3f4,128,128,1,251,143.69561767578125,45.665249426771965,generated,Fresh candidate generated from deterministic latent seed
candidate_000183,202610050183,E:\Corpus_Callosum\24_gan_generation\models_wgan_gp\generator_wgan_gp_128.pth,e0665ea5aebbcb8f8ad8f4c55a9ba0335d721a4b5aaaead63bfd791dd8b94b07,2026-10-05T14:49:58.221490+00:00,candidate_000183.png,c8a7d43fc48491a1986b26951eb4f76ebb9623c20e6b004af180b3af1b5952e1,128,128,4,250,163.436279296875,40.07518833324967,generated,Fresh candidate generated from deterministic latent seed
candidate_000184,202610050184,E:\Corpus_Callosum\24_gan_generation\models_wgan_gp\generator_wgan_gp_128.pth,e0665ea5aebbcb8f8ad8f4c55a9ba0335d721a4b5aaaead63bfd791dd8b94b07,2026-10-05T14:49:58.221490+00:00,candidate_000184.png,9fd8c7f0b290eface0b604c74c00c3d57dafaf15b95b0b3a3eac4a4cf9e446bd,128,128,3,248,121.8531494140625,39.75628626028967,generated,Fresh candidate generated from deterministic latent seed
candidate_000185,202610050185,E:\Corpus_Callosum\24_gan_generation\models_wgan_gp\generator_wgan_gp_128.pth,e0665ea5aebbcb8f8ad8f4c55a9ba0335d721a4b5aaaead63bfd791dd8b94b07,2026-10-05T14:49:58.221490+00:00,candidate_000185.png,cc3414bb77eeabca7356d02c44c4996789475e44717d5bb0eb01b3ad6ee2b156,128,128,0,245,150.03729248046875,45.815425739981336,generated,Fresh candidate generated from deterministic latent seed
candidate_000186,202610050186,E:\Corpus_Callosum\24_gan_generation\models_wgan_gp\generator_wgan_gp_128.pth,e0665ea5aebbcb8f8ad8f4c55a9ba0335d721a4b5aaaead63bfd791dd8b94b07,2026-10-05T14:49:58.221490+00:00,candidate_000186.png,b14aee3d7e48488bda4ad3fcdff08ec197cd1e013f8bde29a4ccbbd1fd4aeb6a,128,128,1,245,155.1881103515625,43.31938770139486,generated,Fresh candidate generated from deterministic latent seed
candidate_000187,202610050187,E:\Corpus_Callosum\24_gan_generation\models_wgan_gp\generator_wgan_gp_128.pth,e0665ea5aebbcb8f8ad8f4c55a9ba0335d721a4b5aaaead63bfd791dd8b94b07,2026-10-05T14:49:58.221490+00:00,candidate_000187.png,5fd5886d71b6a12eed6d2a66a7a24f23ca8fc6ac1b629f41c571ab635659ed24,128,128,6,244,161.47540283203125,37.2947459653495,generated,Fresh candidate generated from deterministic latent seed
candidate_000188,202610050188,E:\Corpus_Callosum\24_gan_generation\models_wgan_gp\generator_wgan_gp_128.pth,e0665ea5aebbcb8f8ad8f4c55a9ba0335d721a4b5aaaead63bfd791dd8b94b07,2026-10-05T14:49:58.221490+00:00,candidate_000188.png,d31244b60a406dd50ad8122d78f37c25194a199cfd6e5904484d78248acde15a,128,128,7,250,146.20367431640625,44.22386602113013,generated,Fresh candidate generated from deterministic latent seed
candidate_000189,202610050189,E:\Corpus_Callosum\24_gan_generation\models_wgan_gp\generator_wgan_gp_128.pth,e0665ea5aebbcb8f8ad8f4c55a9ba0335d721a4b5aaaead63bfd791dd8b94b07,2026-10-05T14:49:58.221490+00:00,candidate_000189.png,53f63f6e5501120cadad5255f92d11027b37aa5dfedb77b0a12f3963c9118132,128,128,4,247,151.55255126953125,38.707235059885875,generated,Fresh candidate generated from deterministic latent seed
candidate_000190,202610050190,E:\Corpus_Callosum\24_gan_generation\models_wgan_gp\generator_wgan_gp_128.pth,e0665ea5aebbcb8f8ad8f4c55a9ba0335d721a4b5aaaead63bfd791dd8b94b07,2026-10-05T14:49:58.221490+00:00,candidate_000190.png,b82354a3efc444acabb75563bae9d0fa183020035f486a67c333e1961e495566,128,128,0,251,142.36651611328125,48.18606114523796,generated,Fresh candidate generated from deterministic latent seed
candidate_000191,202610050191,E:\Corpus_Callosum\24_gan_generation\models_wgan_gp\generator_wgan_gp_128.pth,e0665ea5aebbcb8f8ad8f4c55a9ba0335d721a4b5aaaead63bfd791dd8b94b07,2026-10-05T14:49:58.221490+00:00,candidate_000191.png,556af90abe7b43bc2e3dc8f38a2e2570ff8af2d3db82450c5233f0d8b2c3fc32,128,128,2,247,145.42108154296875,41.60667585831272,generated,Fresh candidate generated from deterministic latent seed
candidate_000192,202610050192,E:\Corpus_Callosum\24_gan_generation\models_wgan_gp\generator_wgan_gp_128.pth,e0665ea5aebbcb8f8ad8f4c55a9ba0335d721a4b5aaaead63bfd791dd8b94b07,2026-10-05T14:49:58.221490+00:00,candidate_000192.png,d5ccbfda4eb87e25f0eefb5ec3a5a20e7eb0dae0bc4c9645afa7bd625e9da92f,128,128,11,245,161.6033935546875,37.30002903776566,generated,Fresh candidate generated from deterministic latent seed
candidate_000193,202610050193,E:\Corpus_Callosum\24_gan_generation\models_wgan_gp\generator_wgan_gp_128.pth,e0665ea5aebbcb8f8ad8f4c55a9ba0335d721a4b5aaaead63bfd791dd8b94b07,2026-10-05T14:49:58.221490+00:00,candidate_000193.png,8dcee0f064f64023db085d0eaa31f00ab1314b863142ce407a57b056cd117bde,128,128,21,249,160.072265625,38.85312515512836,generated,Fresh candidate generated from deterministic latent seed
candidate_000194,202610050194,E:\Corpus_Callosum\24_gan_generation\models_wgan_gp\generator_wgan_gp_128.pth,e0665ea5aebbcb8f8ad8f4c55a9ba0335d721a4b5aaaead63bfd791dd8b94b07,2026-10-05T14:49:58.221490+00:00,candidate_000194.png,28e5732beadbc20e57ff30ca8d3b0f07496d2ebe1c41d2bdf05ea01726e854fb,128,128,0,244,147.4169921875,46.87765950097126,generated,Fresh candidate generated from deterministic latent seed
candidate_000195,202610050195,E:\Corpus_Callosum\24_gan_generation\models_wgan_gp\generator_wgan_gp_128.pth,e0665ea5aebbcb8f8ad8f4c55a9ba0335d721a4b5aaaead63bfd791dd8b94b07,2026-10-05T14:49:58.221490+00:00,candidate_000195.png,3eeaadd22c3ef402c65d1f082774b14810e4c2abdc37c1ae3e1863d9dcafbc14,128,128,2,248,148.37652587890625,39.48517897431399,generated,Fresh candidate generated from deterministic latent seed
candidate_000196,202610050196,E:\Corpus_Callosum\24_gan_generation\models_wgan_gp\generator_wgan_gp_128.pth,e0665ea5aebbcb8f8ad8f4c55a9ba0335d721a4b5aaaead63bfd791dd8b94b07,2026-10-05T14:49:58.221490+00:00,candidate_000196.png,79a036ffbc8c61b9b784e2c30954054a37101f9d0e460302a40675fdc42698a2,128,128,6,248,165.05548095703125,35.14526440150491,generated,Fresh candidate generated from deterministic latent seed
candidate_000197,202610050197,E:\Corpus_Callosum\24_gan_generation\models_wgan_gp\generator_wgan_gp_128.pth,e0665ea5aebbcb8f8ad8f4c55a9ba0335d721a4b5aaaead63bfd791dd8b94b07,2026-10-05T14:49:58.221490+00:00,candidate_000197.png,4e6821c148c5d512145dc2ebceacd965bc6fd200140ace7b832fa299836f8ece,128,128,1,247,155.78521728515625,44.618571991155605,generated,Fresh candidate generated from deterministic latent seed
candidate_000198,202610050198,E:\Corpus_Callosum\24_gan_generation\models_wgan_gp\generator_wgan_gp_128.pth,e0665ea5aebbcb8f8ad8f4c55a9ba0335d721a4b5aaaead63bfd791dd8b94b07,2026-10-05T14:49:58.221490+00:00,candidate_000198.png,5685fb7d75b23baa5def3b7715fd1a24acfb699f384b1b6da4828851187caafc,128,128,1,246,146.6143798828125,40.86972088491868,generated,Fresh candidate generated from deterministic latent seed
candidate_000199,202610050199,E:\Corpus_Callosum\24_gan_generation\models_wgan_gp\generator_wgan_gp_128.pth,e0665ea5aebbcb8f8ad8f4c55a9ba0335d721a4b5aaaead63bfd791dd8b94b07,2026-10-05T14:49:58.221490+00:00,candidate_000199.png,2a8d066222fb94861977d44d64db6e4ea946a244e9b43936741266a7f3d85139,128,128,10,251,155.3980712890625,39.079110358313706,generated,Fresh candidate generated from deterministic latent seed
candidate_000200,202610050200,E:\Corpus_Callosum\24_gan_generation\models_wgan_gp\generator_wgan_gp_128.pth,e0665ea5aebbcb8f8ad8f4c55a9ba0335d721a4b5aaaead63bfd791dd8b94b07,2026-10-05T14:49:58.221490+00:00,candidate_000200.png,9de14b31488c242447a2cd3b83356fad29b9b1f62b6e4931cc75c262fc5fb4de,128,128,30,242,167.494140625,29.87394929578444,generated,Fresh candidate generated from deterministic latent seed
