Feature,Normal_Mean,Delayed_Mean,Normal_Median,Delayed_Median,Normal_STD,Delayed_STD,Mean_Difference,Relative_Difference,Standardized_Difference
RAD_square_firstorder_Maximum,221.61693008160572,141.35213560450916,236.97133031887154,141.35213560450916,54.507622074138595,6.530222635655822,-80.26479447709656,-0.36217808110375205,2.067703719998246
RAD_square_firstorder_Range,221.5935439443516,141.35066542331305,236.97039938428222,141.35066542331305,54.55788876498036,6.5316097274845415,-80.24287852103856,-0.36211740239667634,2.065255307841548
MORPH_CentroidY,144.19473684210527,70.5,138.0,70.5,47.50147838060495,17.67766952966369,-73.69473684210527,-0.5110778552392704,2.0562630816432685
RAD_logarithm_firstorder_Median,-37.93999685973355,162.11134347829602,-116.05994722938348,162.11134347829602,148.09173300364418,9.79575916627594,200.05134033802958,5.272834920812042,1.9062401885429787
RAD_squareroot_firstorder_Median,-20.229900568108985,91.6065075308095,-51.15960720806471,91.6065075308095,89.7671092841358,1.9735867765023325,111.83640809891848,5.528272752594143,1.761473164599815
RAD_logarithm_glcm_ClusterShade,488.4636613112047,-1639.2936401355878,515.2207561407338,-1639.2936401355878,1750.5168383799016,183.99128753312232,-2127.7573014467926,-4.356019638666106,1.7095626707755023
RAD_gradient_firstorder_Uniformity,0.6325825137989249,0.3992820137408345,0.6337975223985441,0.3992820137408345,0.10858963760938786,0.1838706111169475,-0.23330050005809044,-0.3688064322552039,1.545068425236703
RAD_shape2D_MinorAxisLength,137.5289147169151,37.66176676702621,155.83530171712562,37.66176676702621,91.62710645384313,21.371057697268572,-99.86714794988889,-0.7261538284903903,1.501104201974289
RAD_gradient_glcm_JointEnergy,0.5935489468907673,0.34508118633667395,0.5947498348798319,0.34508118633667395,0.12117133430349686,0.20105019192735296,-0.24846776055409336,-0.41861376692486707,1.496906842634137
RAD_squareroot_glcm_ClusterShade,149.3697385171053,-588.8852929614011,131.31865532036528,-588.8852929614011,705.4764961780934,25.494416647529004,-738.2550314785065,-4.942467187846552,1.478956725384123
MORPH_BoundingBoxHeight,131.56315789473683,45.5,172.5,45.5,73.58753712147572,38.890872965260115,-86.06315789473683,-0.6541584990193852,1.4623120895662354
RAD_gradient_glcm_MaximumProbability,0.7419574753691991,0.5155225696221468,0.751367793215314,0.5155225696221468,0.09684064634115687,0.20308963922290757,-0.22643490574705227,-0.3051858269961622,1.4232534216669637
RAD_gradient_firstorder_Entropy,0.9548540050465836,1.680710235191752,0.9458148783833854,1.680710235191752,0.2670895551515362,0.6740940770525528,0.7258562301451684,0.7601750908860033,1.415729359705728
MORPH_SkeletonLength,172.94210526315788,55.0,203.0,55.0,99.30766588476907,66.46803743153546,-117.94210526315788,-0.6819744970932482,1.3957883836957032
RAD_logarithm_firstorder_TotalEnergy,480796914.7158771,90912347.45335345,475520450.9549832,90912347.45335345,387751703.68327826,93943882.92960414,-389884567.26252365,-0.8109132054079895,1.3820097521931989
RAD_logarithm_firstorder_Energy,480796914.7158771,90912347.45335345,475520450.9549832,90912347.45335345,387751703.68327826,93943882.92960414,-389884567.26252365,-0.8109132054079895,1.3820097521931989
TEXTURE_ASM,0.9079536516754372,0.977856040926019,0.9032227801609266,0.977856040926019,0.06857014944458424,0.024633100055380993,0.06990238925058179,0.076988940034431,1.3567966614314704
MORPH_Perimeter,445.8236595091067,169.024385035038,545.3279879689217,169.024385035038,237.95414737455417,163.78174420581183,-276.7992744740687,-0.6208716575939204,1.35511305275169
RAD_shape2D_Perimeter,843.0099852800026,321.8528137423863,986.2655480083456,321.8528137423863,448.4749427021827,313.688383542069,-521.1571715376164,-0.6182099626785015,1.3466769453939404
RAD_gradient_glcm_Imc2,0.8406550386424322,0.9402943993843316,0.8573121559626136,0.9402943993843316,0.0956990244000058,0.042956093139607264,0.09963936074189939,0.11852585918113771,1.3433213897238094
RAD_gradient_firstorder_10Percentile,4.5604760320563065,6.397641181945801,4.579161643981934,6.397641181945801,1.4460218231566309,1.2864661273617872,1.8371651498894943,0.40284504006500327,1.3423964802971877
RAD_gradient_glcm_SumEntropy,1.1915021936588075,2.111660417762002,1.180900716320135,2.111660417762002,0.347472129587687,0.9051064574458362,0.9201582241031945,0.7722673352370341,1.3422211431313418
RAD_squareroot_firstorder_Energy,266383899.13713226,49782255.50664328,269409319.96760654,49782255.50664328,223438755.78468436,50635878.55747224,-216601643.630489,-0.8131183766440186,1.3370361048706723
RAD_squareroot_firstorder_TotalEnergy,266383899.13713226,49782255.50664328,269409319.96760654,49782255.50664328,223438755.78468436,50635878.55747224,-216601643.630489,-0.8131183766440186,1.3370361048706723
RAD_gradient_firstorder_Median,14.945832480882343,25.437952041625977,14.762636661529541,25.437952041625977,3.304048626857923,10.600448952265198,10.492119560743633,0.7020097123458471,1.3363520921314578
RAD_logarithm_glcm_JointAverage,10.70913008487368,13.074564984607148,10.73126802075506,13.074564984607148,2.4712160717359173,0.4419866955058209,2.3654348997334687,0.2208802097802963,1.3325324738978699
RAD_logarithm_glcm_SumAverage,21.418260169747363,26.14912996921429,21.462536041510113,26.14912996921429,4.942432143471835,0.8839733910116419,4.730869799466927,0.22088020978132705,1.3325324738978672
RAD_gradient_glcm_JointEntropy,1.246012354308848,2.225680117463592,1.2387067345584506,2.225680117463592,0.37083927383144283,0.9853747994039876,0.9796677631547439,0.7862424154048879,1.3159180788883384
TEXTURE_Dissimilarity,0.9381667439695033,0.3364044953897653,1.0608919270495014,0.3364044953897653,0.5534555820178206,0.3383087569654927,-0.601762248579738,-0.6414235554433136,1.3119572098627832
RAD_gradient_firstorder_Maximum,104.27955216671292,132.83863830566406,107.17586517333984,132.83863830566406,29.99771128574943,7.19387496188173,28.559086138951145,0.27387043332585487,1.3092686661825992
RAD_gradient_firstorder_Range,104.18214110826192,132.83863830566406,107.17586517333984,132.83863830566406,30.14333475565844,7.19387496188173,28.656497197402146,0.27506151143117663,1.307730494807685
TEXTURE_LBP_Mean,23.470389674523524,23.87215149184057,23.43290290702038,23.87215149184057,0.41183663728323916,0.13944101573557807,0.40176181731704474,0.017117816230867042,1.3067473459540158
RAD_squareroot_firstorder_Mean,-9.623455804626325,37.30594781618723,-13.28630954673994,37.30594781618723,51.11832707466803,4.725390247244979,46.92940362081355,4.876564570262309,1.2928130216595182
MORPH_Area,3923.6526315789474,876.5,4067.25,876.5,3184.787467324951,987.1210665364204,-3047.1526315789474,-0.7766112135040459,1.2924386880805248
TEXTURE_Entropy,0.5583795589847604,0.1518756082685091,0.6071426776151786,0.1518756082685091,0.4143468022384038,0.16448971685459138,-0.40650395071625134,-0.728006504003391,1.2895464002002601
RAD_firstorder_Mean,-8.140612927643021,24.36680963357373,-11.007325934735572,24.36680963357373,35.65437388402034,0.38753180928239994,32.50742256121675,3.9932401711954886,1.2893150980962673
RAD_wavelet-L_firstorder_Mean,-11.510364070815921,34.45884763821356,-15.56238668887539,34.45884763821356,50.423105430379344,0.548603497420424,45.96921170902948,3.993723519587295,1.2892191914615823
TEXTURE_Energy,0.9520923237629302,0.988826779245665,0.9503800956111292,0.988826779245665,0.03848901118363894,0.01245576741006445,0.036734455482734796,0.03858287117964764,1.2841742250714392
TEXTURE_LBP_STD,2.478295936782281,1.3016237669583177,2.8156529747669694,1.3016237669583177,0.9871118368744094,0.8426951081582459,-1.1766721698239635,-0.474790823933734,1.2821291433531072
RAD_gradient_firstorder_Mean,18.52029960319481,32.271907737846135,18.07243531487618,32.271907737846135,3.8583835323129376,14.689412436603911,13.751608134651324,0.7425154251934929,1.2804915894851359
TEXTURE_Contrast,116.30430700686108,48.61254945183836,123.93763089569583,48.61254945183836,58.9760313648454,46.13085716468854,-67.69175755502272,-0.582022792595043,1.2785431803280731
RAD_logarithm_firstorder_Mean,-11.180379532853161,49.79093551342949,-18.134100670375414,49.79093551342949,67.02144206228425,8.645102496769658,60.97131504628265,5.45342086702649,1.2759790012081944
RAD_lbp-2D_firstorder_Energy,242623.36315789472,53883.0,247061.0,53883.0,200596.48774478748,60736.22986323731,-188740.36315789472,-0.7779150395960259,1.2735319861265832
RAD_lbp-2D_firstorder_TotalEnergy,242623.36315789472,53883.0,247061.0,53883.0,200596.48774478748,60736.22986323731,-188740.36315789472,-0.7779150395960259,1.2735319861265832
TEXTURE_Correlation,0.9572340801734868,0.922414892217326,0.9676607968464238,0.922414892217326,0.028971383784188533,0.025608481446815896,-0.03481918795616079,-0.03637478927433587,1.2734836514848156
RAD_shape2D_PixelSurface,12023.052631578947,2746.0,12404.0,2746.0,9836.263942494712,3099.9561287218244,-9277.052631578947,-0.7716054246666427,1.2721319076046154
RAD_shape2D_MeshSurface,12022.552631578947,2745.5,12403.5,2745.5,9836.263942494712,3099.9561287218244,-9277.052631578947,-0.7716375145833314,1.2721319076046154
RAD_firstorder_Median,-6.885975570526853,32.94481376450208,-9.64628723549679,32.94481376450208,44.54703347869916,1.5176985011385218,39.83078933502893,5.784334975705266,1.2637559636512727
RAD_wavelet-L_firstorder_Median,-9.738881186336203,46.26043258100955,-13.59681229665043,46.26043258100955,63.05681860896885,1.5731097988170228,55.999313767345754,5.75007669724307,1.2555399663913376
RAD_gradient_firstorder_RootMeanSquared,23.525739623931813,41.46192679497777,22.9840943355213,41.46192679497777,4.851164523858879,19.625514369254255,17.936187171045958,0.762406940554759,1.2547166736622044
RAD_firstorder_Energy,126959261.88636735,21795698.30385295,122754640.09807807,21795698.30385295,116612380.61886881,21448425.653776262,-105163563.5825144,-0.8283252597722189,1.2543278734725982
RAD_firstorder_TotalEnergy,126959261.88636735,21795698.30385295,122754640.09807807,21795698.30385295,116612380.61886881,21448425.653776262,-105163563.5825144,-0.8283252597722189,1.2543278734725982
RAD_wavelet-L_firstorder_Energy,253878762.57892308,43588441.55179763,245454548.76066685,43588441.55179763,233192757.70581952,42895821.73388719,-210290321.02712545,-0.8283100125862346,1.2542758395151596
RAD_wavelet-L_firstorder_TotalEnergy,253878762.57892308,43588441.55179763,245454548.76066685,43588441.55179763,233192757.70581952,42895821.73388719,-210290321.02712545,-0.8283100125862346,1.2542758395151596
RAD_gradient_glcm_JointAverage,1.2950617779684892,1.8399570496114386,1.2730702846638955,1.8399570496114386,0.12885867331972367,0.6154449044440203,0.5448952716429494,0.4207484776947317,1.2255254733617713
RAD_gradient_glcm_SumAverage,2.5901235559369784,3.679914099222877,2.546140569327791,3.679914099222877,0.25771734663944734,1.2308898088880407,1.0897905432858987,0.42074847771097607,1.2255254733617713
RAD_gradient_firstorder_InterquartileRange,15.903569938634572,31.091036081314087,15.520820617675781,31.091036081314087,3.912479134979855,17.143627486531727,15.187466142679515,0.9549721352618495,1.2214411086562196
RAD_wavelet-L_firstorder_Minimum,-327.57108130486034,-262.12493428190214,-346.16464160438466,-262.12493428190214,76.07460351144486,2.6275715762097525,65.4461470229582,0.19979220009970752,1.2159073621225187
RAD_firstorder_Minimum,-231.4733426721829,-185.28131579647442,-244.74501807430323,-185.28131579647442,53.72890513691167,2.2447998359591974,46.19202687570848,0.199556572443448,1.2147734997940318
RAD_gradient_firstorder_90Percentile,36.82489984386846,72.11399936676025,35.54449462890625,72.11399936676025,8.414733326600881,40.231462389605625,35.289099522891796,0.9582945146467734,1.2142052834184598
RAD_gradient_firstorder_MeanAbsoluteDeviation,10.624916836301361,20.300991302047333,10.372214887324771,20.300991302047333,2.481900140191175,11.055655842033723,9.676074465745971,0.9106964896511358,1.2076833391640247
RAD_gradient_firstorder_RobustMeanAbsoluteDeviation,6.821840370977435,13.755167844678729,6.613355474291342,13.755167844678729,1.7077814382716145,7.949859217095589,6.9333274737012935,1.0163426724402012,1.2058710446427363
TEXTURE_Homogeneity,0.9618898305497287,0.9901465778003014,0.9582881675074288,0.9901465778003014,0.03145979867790285,0.010925663749683437,0.0282567472505727,0.02937628234564668,1.199924591228061
RAD_square_glcm_ClusterProminence,1081.091287514275,264.4034616932012,884.1059481721991,264.4034616932012,965.3772518391913,115.62099217785185,-816.6878258210738,-0.7554291069154643,1.1879039400613822
RAD_logarithm_glcm_Autocorrelation,176.87564275077085,226.36549205949274,176.96342428429378,226.36549205949274,53.99515110697394,26.047252897252857,49.48984930872189,0.2798002514027796,1.1674706633969323
RAD_gradient_glcm_Autocorrelation,2.0034919571207896,4.772032840709567,1.9091928674730942,4.772032840709567,0.487412661297768,3.360135714490391,2.7685408835887775,1.3818577477242537,1.1531542113952098
RAD_square_firstorder_Kurtosis,5.396674588555894,3.125948534118499,4.719065637973259,3.125948534118499,2.681636602026065,0.8703895736979674,-2.270726054437395,-0.42076393844657334,1.139017097966269
RAD_wavelet-H_firstorder_TotalEnergy,23873.706893107686,4103.479240742496,20124.233172670858,4103.479240742496,24564.719796843903,351.72572291141097,-19770.22765236519,-0.8281172145106946,1.1380735752417535
RAD_wavelet-H_firstorder_Energy,23873.706893107686,4103.479240742496,20124.233172670858,4103.479240742496,24564.719796843903,351.72572291141097,-19770.22765236519,-0.8281172145106946,1.1380735752417535
RAD_gradient_glcm_ClusterTendency,1.2933584614301143,4.902838424068319,1.1956214585101677,4.902838424068319,0.6175691439984516,4.461673675286003,3.609479962638205,2.7907808005276364,1.1332894147841657
RAD_gradient_glcm_SumSquares,0.3368894476299982,1.2542145309424777,0.31102621906196276,1.2542145309424777,0.15924701731283059,1.135485504311039,0.9173250833124795,2.7229261394012987,1.131428442238242
RAD_square_firstorder_TotalEnergy,48959408.897743985,6337132.662870746,41169043.75968777,6337132.662870746,53103128.77473417,5923978.496491403,-42622276.234873235,-0.870563538132039,1.1280954759330986
RAD_square_firstorder_Energy,48959408.897743985,6337132.662870746,41169043.75968777,6337132.662870746,53103128.77473417,5923978.496491403,-42622276.234873235,-0.870563538132039,1.1280954759330986
RAD_square_glcm_ClusterShade,77.98308446723192,31.67882144628704,66.6101229003894,31.67882144628704,57.233613488671004,9.705180966776501,-46.30426302094488,-0.5937731667992987,1.1280515489270633
RAD_gradient_firstorder_Variance,219.06009240682346,762.3063327746187,202.08341946274032,762.3063327746187,96.94274959853492,679.312554429107,543.2462403677953,2.479895970091474,1.1196034811415096
RAD_square_glcm_Idmn,0.9981618740357093,0.9964686081358785,0.9984854882875278,0.9964686081358785,0.0015615820455994612,0.0014970682467261639,-0.0016932658998308758,-0.0016963840672606784,1.106951897899966
RAD_gradient_glcm_Correlation,0.9137173465201645,0.947525635634095,0.9199570623577342,0.947525635634095,0.040854432481347354,0.0155074818753131,0.03380828911393052,0.0370008178557485,1.0941346733184818
RAD_gradient_glcm_ClusterShade,3.4028771118832046,14.906991949952058,2.980421536862831,14.906991949952058,2.1450972666999797,14.925681437460483,11.504114838068853,3.3807024054901085,1.0789331821114991
RAD_exponential_firstorder_Skewness,3.050941002789709,2.1585274617474064,2.991503736591402,2.1585274617474064,1.1093838640161924,0.39043017557846904,-0.8924135410423024,-0.2925043585559504,1.0731085099563207
RAD_squareroot_firstorder_Skewness,0.04680589994497461,-0.4292207441946219,0.08583725854678345,-0.4292207441946219,0.6105046206265178,0.17594633110655028,-0.4760266441395965,-10.170227336344231,1.0595742774365682
RAD_shape2D_MajorAxisLength,274.4301896239755,132.1837589111403,328.0691701710071,132.1837589111403,126.3040646269097,141.95787744825384,-142.24643071283518,-0.5183337551443941,1.0587030644757849
MORPH_MaxThickness,26.172039586510838,16.32455532033676,27.493914498185248,16.32455532033676,12.093687482257959,5.197863713731791,-9.847484266174078,-0.3762597192162234,1.0579673358911597
RAD_gradient_glcm_MCC,0.9273926008077263,0.9598004343497601,0.9333973222672598,0.9598004343497601,0.04323557477919932,0.007400092257825654,0.032407833542033804,0.034945106862307514,1.0448497741030929
RAD_gradient_glcm_ClusterProminence,17.274902299612908,121.73573195494113,13.082839423430766,121.73573195494113,14.76908795301366,140.65094357839908,104.46082965532823,6.046970792828407,1.0445870423360875
RAD_shape2D_PerimeterSurfaceRatio,0.09406707877639942,0.1454264252916403,0.0757657912289256,0.1454264252916403,0.04848114792697131,0.049946149997762875,0.05135934651524088,0.5459864080899666,1.043484065037226
RAD_logarithm_firstorder_Skewness,0.06634223531049022,-0.49227963584190454,0.12845368684657243,-0.49227963584190454,0.7414047558557978,0.15676001167219222,-0.5586218711523947,-8.42030522028602,1.0425110065059937
RAD_gradient_glcm_DifferenceEntropy,0.29463767558971193,0.4879789096551137,0.2887651667551068,0.4879789096551137,0.10388691251452145,0.24254114318771652,0.19334123406540177,0.6561999703969047,1.0362786236806667
RAD_exponential_firstorder_Kurtosis,14.33319344370917,7.08299409393315,12.060787387856223,7.08299409393315,9.713523837921992,2.747714253961337,-7.25019934977602,-0.5058327984059647,1.0157166490991134
RAD_gradient_glcm_DifferenceVariance,0.050622697981349864,0.09779770442119481,0.0480026063028364,0.09779770442119481,0.022522157372615443,0.06196399746692526,0.04717500643984495,0.9318943522930262,1.0119123779572974
RAD_gradient_glcm_InverseVariance,0.0539776470244859,0.1140196997015912,0.05055888464605565,0.1140196997015912,0.025411004591355243,0.08026834195815136,0.0600420526771053,1.1123503130589105,1.0085244650105711
RAD_gradient_glcm_Id,0.9729791557449783,0.9429901501492044,0.9747205576769721,0.9429901501492044,0.012763281736309452,0.040134170979075796,-0.029989005595773888,-0.030821837667971523,1.0070307432593821
RAD_gradient_glcm_Idm,0.9729712737159865,0.9429901501492044,0.9747205576769721,0.9429901501492044,0.012777727308018213,0.040134170979075796,-0.029981123566782064,-0.03081398636693179,1.0066613675734093
RAD_gradient_glcm_DifferenceAverage,0.054081098655002276,0.1140196997015912,0.05055888464605565,0.1140196997015912,0.025599119176239655,0.08026834195815136,0.05993860104658893,1.1083096021795389,1.0061060570924432
RAD_gradient_glcm_Contrast,0.05419932908987813,0.1140196997015912,0.05055888464605565,0.1140196997015912,0.025823276017057976,0.08026834195815136,0.059820370611713074,1.1037105349061163,1.0033072021151714
RAD_shape2D_MaximumDiameter,227.98897774462728,120.74329066423184,267.03418960467616,120.74329066423184,93.83839945506145,122.09469898052761,-107.24568708039544,-0.47039856111147343,0.9849263902846602
RAD_firstorder_Range,416.05729130592664,369.7811150438003,430.8780311835177,369.7811150438003,66.32228667052458,9.256513969832552,-46.27617626212634,-0.11122549040509035,0.9772906463205624
MORPH_MeanThickness,17.90947277517336,12.005943462883014,18.331816611753666,12.005943462883014,8.478392443622322,1.137931830333115,-5.903529312290345,-0.3296316640007979,0.9759697858335805
RAD_wavelet-L_firstorder_Range,589.0751333518923,523.9212682078498,609.9987897262406,523.9212682078498,94.05644380487804,14.39256803639549,-65.15386514404247,-0.11060365894805277,0.9683685543601551
RAD_exponential_glcm_Imc2,0.5856768584426774,0.7538154044163559,0.6071552904936726,0.7538154044163559,0.21796976783953698,0.11851534242042092,0.1681385459736785,0.287084154890553,0.9583951316523853
RAD_squareroot_firstorder_Minimum,-244.41243118102145,-217.35351950795695,-250.0990108474824,-217.35351950795695,42.74046446833882,8.3725562660365,27.0589116730645,0.11071004671203707,0.8786363605126738
RAD_gradient_firstorder_TotalEnergy,6821587.874958114,2726980.324035145,6603524.360355577,2726980.324035145,6485332.268601547,1457194.3252424346,-4094607.550922969,-0.6002425866203638,0.8711640122503725
RAD_gradient_firstorder_Energy,6821587.874958114,2726980.324035145,6603524.360355577,2726980.324035145,6485332.268601547,1457194.3252424346,-4094607.550922969,-0.6002425866203638,0.8711640122503725
RAD_square_firstorder_Skewness,1.5035629629530902,1.0863074671639699,1.4892006896130177,1.0863074671639699,0.6430449277795001,0.2646015022625101,-0.41725549578912036,-0.2775111558626409,0.8486126715643441
RAD_wavelet-L_firstorder_90Percentile,172.81560945547483,218.2692947017761,175.0472403938415,218.2692947017761,51.939182073554704,57.403827210927425,45.45368524630126,0.26301840088111894,0.8303599217536024
RAD_firstorder_90Percentile,122.18529751929512,154.29765035106269,123.89111458119831,154.29765035106269,36.776719491546466,40.52092421069207,32.112352831767566,0.26281683216976415,0.8299022992954646
RAD_gradient_firstorder_Kurtosis,7.678300495431459,5.296884610859657,7.422210495988436,5.296884610859657,3.1060636729914526,2.745288463182483,-2.381415884571802,-0.3101488260270245,0.8124283606773844
RAD_gradient_glcm_Idn,0.9904717691310204,0.9837114714712012,0.9910374207563497,0.9837114714712012,0.004202986387592643,0.011466905994021824,-0.0067602976598192255,-0.006825330988552824,0.7828199192300811
RAD_square_firstorder_Variance,2267.7784336944724,1543.010477035034,2154.2293086632417,1543.010477035034,1193.7999668673572,552.0937496097146,-724.7679566594384,-0.3195938129981578,0.7792830219622876
RAD_shape2D_Sphericity,0.48318450413941755,0.6459099260590027,0.42261947075098727,0.6459099260590027,0.13317994073371597,0.2655024644368111,0.1627254219195851,0.3367769878624973,0.7747579947211832
MORPH_StdThickness,4.36220612343446,2.6380245226804,4.280605828207699,2.6380245226804,2.7374604135598735,1.7153961605675563,-1.7241816007540596,-0.39525450011450824,0.7547885060031679
RAD_square_glcm_ClusterTendency,13.33797539869909,8.978108891509537,12.350118121926934,8.978108891509537,7.476265557625907,3.4009827390337235,-4.359866507189553,-0.3268761844906463,0.7506907444070473
RAD_square_glcm_SumSquares,3.370269380236257,2.2775483850967895,3.1212393294666017,2.2775483850967895,1.8793880007324826,0.8645967255149271,-1.0927209951394676,-0.32422363669649606,0.7470012669318765
RAD_firstorder_10Percentile,-138.1114229237569,-108.69767356051727,-140.1407998760187,-108.69767356051727,49.516585858789135,25.971575955493183,29.413749363239617,0.2129711557562904,0.7439471256438269
RAD_wavelet-L_firstorder_10Percentile,-195.2447269930663,-153.76488335015108,-198.17998109906586,-153.76488335015108,70.0368108436684,37.1235926625411,41.47984364291523,0.21245051931347192,0.7400441968913194
RAD_wavelet-H_firstorder_Skewness,-0.1033119046071039,-0.3283766225685513,-0.09225460875629865,-0.3283766225685513,0.4347716644873723,0.052001353090795524,-0.22506471796144742,-2.1784974209847436,0.7269035128265136
RAD_gradient_firstorder_Skewness,1.7436056360768204,1.3907149177899074,1.779422364502104,1.3907149177899074,0.5275887202062125,0.44751039969821294,-0.352890718286913,-0.2023913613061561,0.7213763370907502
RAD_exponential_glcm_JointEnergy,0.8688612400278032,0.7902219613319952,0.8977194405713929,0.7902219613319952,0.11715083656750948,0.10102935633547974,-0.078639278695808,-0.09050844376973328,0.7189055447576039
MORPH_BoundingBoxWidth,87.85263157894737,55.0,95.0,55.0,34.32631101587798,56.568542494923804,-32.85263157894737,-0.37395159357733615,0.7021543973797443
RAD_wavelet-H_glcm_ClusterShade,-0.029842042894692212,0.027050680721400697,-0.03206691617579805,0.027050680721400697,0.10353568536986926,0.05440783568956759,0.056892723616092905,1.9064620886114265,0.6879090828940799
RAD_exponential_firstorder_Uniformity,0.8775640977920405,0.8068987455262537,0.9051774262155136,0.8068987455262537,0.11065163143288742,0.09505072666006892,-0.07066535226578674,-0.08052443398212049,0.6850965728798545
RAD_lbp-2D_firstorder_Minimum,0.11578947368421053,0.5,0.0,0.5,0.3669741249110336,0.7071067811865476,0.38421052631578945,3.3181818153161156,0.6820406647331922
RAD_lbp-2D_firstorder_90Percentile,5.676315789473684,6.0,6.0,6.0,0.6989917949296708,0.0,0.3236842105263156,0.05702364394892583,0.654884082721459
RAD_exponential_glcm_SumEntropy,0.4432048337811451,0.6671398974145251,0.34389015216810237,0.6671398974145251,0.3749582356900789,0.3096313379109868,0.22393506363337995,0.5052631345926,0.6512585532727062
RAD_squareroot_firstorder_Range,463.85421240479735,434.3774392327372,472.50046540717875,434.3774392327372,59.78951330593802,24.802271124992913,-29.476773172060177,-0.06354749484592363,0.6440077746061191
RAD_exponential_glcm_JointEntropy,0.45796949683290716,0.6863354929328815,0.3518398526138264,0.6863354929328815,0.394553261771553,0.3200539071372519,0.22836599609997438,0.4986489223177022,0.6356919752696082
RAD_exponential_firstorder_Entropy,0.37675611440381396,0.561018189780857,0.28838038327958665,0.561018189780857,0.31668752150534485,0.2617164762809223,0.1842620753770431,0.48907520882498584,0.6342815840217275
RAD_squareroot_glcm_Idmn,0.9981302190932785,0.9972845859226813,0.9982516679931066,0.9972845859226813,0.0008743658185282663,0.0016720076615742683,-0.0008456331705971598,-0.0008472172812086866,0.6338177130622756
RAD_square_glcm_Idn,0.9862955651635634,0.9826555679158292,0.9872174250545984,0.9826555679158292,0.005479172411453182,0.00604419697108812,-0.003639997247734228,-0.003690574484902533,0.6310011090335237
RAD_exponential_glcm_MaximumProbability,0.9269519064509848,0.8844266457754297,0.9463572247200918,0.8844266457754297,0.07489083754452985,0.05928652228743494,-0.042525260675555066,-0.045876447715376766,0.6296229464457451
RAD_squareroot_firstorder_90Percentile,175.93374789247218,198.09613712442692,180.29087739929741,198.09613712442692,36.15960813259484,34.96592184251742,22.162389231954734,0.12597008531579415,0.6231030894079169
RAD_wavelet-H_firstorder_Variance,1.9298583889417853,3.916423524141963,1.4650053573631228,3.916423524141963,1.462905943878863,4.292232456927551,1.9865651352001779,1.029383889761232,0.6195421218175831
RAD_lbp-2D_firstorder_Range,8.868421052631579,8.5,9.0,8.5,0.4583760517800281,0.7071067811865476,-0.36842105263157876,-0.04154302670576299,0.6182968717952778
RAD_wavelet-L_glcm_Idmn,0.9991547414087268,0.9987840333057387,0.9992597623105598,0.9987840333057387,0.0005974978812528811,0.0006246278301623249,-0.0003707081029881154,-0.00037102171224083366,0.6065117389215344
RAD_firstorder_Skewness,-0.0665728970451645,-0.2795487845444199,-0.10084210416162004,-0.2795487845444199,0.428606154201287,0.2655834070892662,-0.2129758874992554,-3.1991380371332516,0.5973452153228533
RAD_wavelet-L_firstorder_Skewness,-0.06661611477805499,-0.2793723014343361,-0.1008770610988268,-0.2793723014343361,0.4285973243111152,0.2658311763030954,-0.21275618665628113,-3.193764557506015,0.5965834231458854
RAD_exponential_firstorder_90Percentile,19.034733484681375,30.737096716137792,13.6867913203338,30.737096716137792,21.106806262067177,18.35595171787487,11.702363231456417,0.6147899701780787,0.5916481894606365
RAD_exponential_glcm_Idmn,0.9986715508729306,0.9980804404481642,0.9988392968535262,0.9980804404481642,0.0009586506587039442,0.0010422569226265983,-0.000591110424766339,-0.0005918967294006369,0.5903271996551023
RAD_wavelet-L_glcm_Autocorrelation,224.33803385657083,195.56762520963412,230.3447250818835,195.56762520963412,68.41942279470955,9.609303451267635,-28.770408646936716,-0.12824579119436377,0.5888979081432156
RAD_exponential_glcm_Idn,0.9967806224412094,0.9952011011204108,0.9973442361905465,0.9952011011204108,0.00285734585173433,0.0026056423065662993,-0.001579521320798527,-0.0015846228197852288,0.5776499603158142
RAD_square_glcm_Autocorrelation,9.082456630767892,6.824670096923792,7.728981142691479,6.824670096923792,5.142628555662534,2.3384138226238074,-2.2577865338441,-0.24858764821080712,0.5651994889767662
RAD_wavelet-H_glcm_ClusterTendency,0.7257081828423048,0.7781248164438742,0.7338380372633097,0.7781248164438742,0.07728325050240847,0.11005054554000271,0.05241663360156945,0.07222825211788562,0.5512378052102848
RAD_wavelet-L_glcm_ClusterShade,-70.51923589831091,-319.49603196557973,-124.90124241715546,-319.49603196557973,630.4784711275049,104.65713407171391,-248.97679606726882,-3.5306224308207415,0.5509359545950937
RAD_squareroot_glcm_Idn,0.9808140024046308,0.976918613953031,0.980962796721019,0.976918613953031,0.005343802666314521,0.00852681462913186,-0.0038953884515997572,-0.003971587315895162,0.5474454061684654
RAD_exponential_firstorder_TotalEnergy,2107073.8691682094,424546.46374187456,1152425.5460685203,424546.46374187456,4334415.136777801,324409.08180321706,-1682527.4054263348,-0.7985137256201327,0.5474363439312541
RAD_exponential_firstorder_Energy,2107073.8691682094,424546.46374187456,1152425.5460685203,424546.46374187456,4334415.136777801,324409.08180321706,-1682527.4054263348,-0.7985137256201327,0.5474363439312541
RAD_wavelet-H_firstorder_Median,0.01385831812593513,-0.03530175347199791,2.6201263381153698e-14,-0.03530175347199791,0.11793212678003373,0.04992421853565345,-0.04916007159793304,-3.5473331465236884,0.542875318708278
RAD_square_glcm_InverseVariance,0.13787607500964535,0.11429527506357909,0.12902645993929318,0.11429527506357909,0.05310585827368082,0.03224618931204076,-0.023580799946066267,-0.17102894702589796,0.5367562721573726
RAD_wavelet-L_glcm_Idn,0.9838746138014571,0.9807271063137717,0.984780051356511,0.9807271063137717,0.005209616593135571,0.006545110316924394,-0.0031475074876854414,-0.0031990941154628563,0.5321073100457288
RAD_squareroot_glcm_DifferenceVariance,0.5455920328832625,0.7427564244092061,0.5292212096635667,0.7427564244092061,0.1912253624357704,0.4908290488654447,0.19716439152594356,0.3613769622841837,0.5293310954784867
RAD_wavelet-H_glcm_Imc1,-0.18162688177005726,-0.2641890140183724,-0.17360344506043096,-0.2641890140183724,0.0837460734354476,0.2050712534304583,-0.08256213224831516,-0.4545700030647623,0.527106515972442
RAD_glcm_ClusterShade,-24.67063970155405,-109.14266712227376,-42.04005037877842,-109.14266712227376,223.39444382046744,45.9375270852376,-84.47202742071971,-3.423990153569316,0.5237960514409868
RAD_wavelet-H_firstorder_RootMeanSquared,1.3192165705114578,1.7883133918149234,1.2131176610522434,1.7883133918149234,0.4514879030052324,1.201377633894629,0.46909682130346564,0.3555874234402915,0.5169052849391241
RAD_squareroot_glcm_Contrast,0.721257583227424,0.9892511830056611,0.6964039241515505,0.9892511830056611,0.270264927449216,0.6833969046151767,0.2679935997782371,0.371564342577703,0.5157183684349336
RAD_wavelet-L_glcm_ClusterProminence,41125.999734752106,30324.7572451648,35870.21250345626,30324.7572451648,26081.834808633736,14074.329785211252,-10801.242489587305,-0.2626378096399213,0.515412790197352
RAD_square_firstorder_RootMeanSquared,62.73202824513271,54.22042267438927,60.005896526303246,54.22042267438927,20.48175526268554,11.385522474495671,-8.511605570743441,-0.13568197631789908,0.5136744273080703
RAD_squareroot_glcm_SumAverage,20.766631648004363,22.13747372192084,21.183420459254464,22.13747372192084,3.837894194868219,0.22661940836420108,1.370842073916478,0.06601176816470437,0.5042589627373637
RAD_squareroot_glcm_JointAverage,10.383315824002182,11.06873686096042,10.59171022962723,11.06873686096042,1.9189470974341092,0.11330970418210556,0.685421036958239,0.0660117681643865,0.5042589627373637
RAD_glcm_Autocorrelation,117.37646038782952,104.82661270638627,123.87847030905851,104.82661270638627,34.966467593141786,4.93867823824484,-12.549847681443254,-0.1069196297108123,0.5025884393269163
RAD_glcm_Idmn,0.9989453171191811,0.9985917481567903,0.9990820592761536,0.9985917481567903,0.0006966249895438448,0.0007156202374919666,-0.0003535689623908045,-0.0003539422591969837,0.5006736469788235
RAD_exponential_glcm_DifferenceEntropy,0.09666628684540145,0.13476551337118514,0.07534727185614484,0.13476551337118514,0.09056674575594548,0.0595361782844115,0.038099226525783694,0.394131477785039,0.4971296536909752
RAD_wavelet-H_glcm_DifferenceEntropy,0.8123811091396191,0.7355263463116295,0.8201667060343973,0.7355263463116295,0.08998291222817288,0.20542405820747808,-0.07685476282798964,-0.09460432050164849,0.4846399355183498
RAD_glcm_ClusterProminence,10330.032505905952,7777.764452670564,8956.362978820212,7777.764452670564,6511.8237769981015,3664.861961836279,-2552.268053235388,-0.24707260618746013,0.48304521069419776
RAD_wavelet-H_glcm_Correlation,0.47261182355831205,0.5578192597671051,0.4796897477632146,0.5578192597671051,0.11926554482900514,0.2221077085787254,0.08520743620879306,0.18029053007864687,0.47798455223049746
RAD_wavelet-H_firstorder_Minimum,-8.773143266278629,-11.580756162777089,-7.35306250304583,-11.580756162777089,5.886480627539662,5.881272068053781,-2.80761289649846,-0.3200236005786082,0.4771705684357977
RAD_logarithm_glcm_Contrast,2.0741871318485128,2.845203413985056,1.9670553112010483,2.845203413985056,0.8399505871901737,2.1429972609937202,0.7710162821365434,0.37171973071313136,0.473722972259393
RAD_lbp-2D_firstorder_InterquartileRange,0.8894736842105263,1.0,1.0,1.0,0.3307754826747831,0.0,0.1105263157894737,0.1242603550156157,0.4725495781145496
RAD_wavelet-H_glcm_MCC,0.4734839195018497,0.5578192597671052,0.4796897477632148,0.5578192597671052,0.12038495767965356,0.2221077085787257,0.08433534026525552,0.17811658806950126,0.47209708991153504
RAD_logarithm_firstorder_Minimum,-254.63525232867315,-240.53828222241486,-256.7442643117429,-240.53828222241486,38.86831422506823,17.0275923940338,14.096970106258283,0.0553614237515587,0.46980964988018814
RAD_wavelet-H_glcm_DifferenceVariance,0.18856060355324833,0.1659476433553648,0.19031126928236392,0.1659476433553648,0.028014313845882186,0.06206447248874372,-0.02261296019788353,-0.11992409739771204,0.4696379780915443
RAD_glcm_DifferenceVariance,0.21803217761737304,0.2588275783860176,0.21366851743656584,0.2588275783860176,0.05100809727359133,0.11193411302514757,0.040795400768644574,0.18710724809402274,0.4690199952388682
RAD_logarithm_glcm_DifferenceVariance,1.7884966605306991,2.4296257592211816,1.7131281576792854,2.4296257592211816,0.6996713402075754,1.806625593260788,0.6411290986904825,0.35847374658468384,0.4680001343077508
RAD_logarithm_glcm_Idmn,0.9958120949020509,0.9945649121992689,0.9959682559142159,0.9945649121992689,0.0017732198935275075,0.0033367376276982157,-0.0012471827027820126,-0.0012524277512209207,0.46677701216677014
RAD_wavelet-H_glcm_Imc2,0.5267364633451623,0.603887554006384,0.5399009341863426,0.603887554006384,0.12121915229628077,0.20276692057502504,0.07715109066122172,0.1464700016334711,0.46185629329590877
RAD_logarithm_glcm_DifferenceAverage,0.5137348419726315,0.6149629547977671,0.5199754054580162,0.6149629547977671,0.14792617309263031,0.2734893745295184,0.10122811282513555,0.19704350286372824,0.4604166100125107
RAD_firstorder_Kurtosis,2.5495072948866615,2.2869929306973016,2.469492691144491,2.2869929306973016,0.6784873421772414,0.4379568398501675,-0.2625143641893599,-0.10296670447092536,0.4597205299039664
RAD_wavelet-L_firstorder_Kurtosis,2.5496677225215247,2.2876885883457656,2.4693755099244887,2.2876885883457656,0.6785700327421357,0.4372349032269253,-0.26197913417575913,-0.10275030422646472,0.458966106696115
RAD_logarithm_glcm_Idn,0.9790948680278968,0.9757393783805337,0.9793637326307791,0.9757393783805337,0.006210517698831156,0.00826906526859967,-0.003355489647363097,-0.003427134342741522,0.4588646768827205
RAD_logarithm_glcm_DifferenceEntropy,1.2561616227417374,1.380949917954183,1.2803055054028132,1.380949917954183,0.23038202791276638,0.30894609743904833,0.12478829521244572,0.09934095497213552,0.4579216319356275
RAD_wavelet-L_glcm_DifferenceVariance,0.3020156534750726,0.36754250596680255,0.2878699055450311,0.36754250596680255,0.08759319990827108,0.1829414642961141,0.06552685249172996,0.2169650867962108,0.45687919340316624
RAD_wavelet-H_firstorder_Mean,-0.0008012074075384007,-0.04210134331746965,0.00668988878339265,-0.04210134331746965,0.1153770730176785,0.0551878556319592,-0.04130013590993124,-51.54736509748916,0.45667486212637437
RAD_glcm_Idn,0.9843883521705197,0.9817740551038971,0.9850551416851071,0.9817740551038971,0.004754603624591099,0.0067711525985883715,-0.0026142970666225285,-0.0026557578221974875,0.44685651831127765
RAD_squareroot_glcm_DifferenceEntropy,1.1664512496075405,1.2852432074251952,1.1858456476512695,1.2852432074251952,0.18843282570418024,0.33450138467786955,0.11879195781765461,0.10184048227256717,0.4375786117277663
RAD_wavelet-H_glcm_ClusterProminence,0.7397583320571067,0.7800549619514853,0.7441026663317516,0.7800549619514853,0.06757090514753128,0.1125972363390649,0.040296629894378544,0.0544726948554606,0.4339754477193869
RAD_squareroot_firstorder_10Percentile,-184.5225267194333,-166.34903269516445,-194.2938342670564,-166.34903269516445,52.66587502095602,27.35844017955039,18.173494024268848,0.09848929747147793,0.4330596701783802
RAD_wavelet-H_glcm_Contrast,0.25965685410314054,0.2209500263764989,0.25569252941420795,0.2209500263764989,0.06090047201845571,0.11120673419679687,-0.038706827726641635,-0.14906915454024428,0.43173395820328087
RAD_wavelet-H_glcm_DifferenceAverage,0.25962228173661916,0.2209500263764989,0.25569252941420795,0.2209500263764989,0.060926665146716456,0.11120673419679687,-0.038672255360120256,-0.14895584110325624,0.4313055350428339
RAD_wavelet-H_glcm_Idm,0.8701923163683425,0.8895249868117505,0.872153735292896,0.8895249868117505,0.030466138984644415,0.05560336709839843,0.01933267044340803,0.022216549235770402,0.43121924745583257
RAD_wavelet-H_glcm_Id,0.8701933065301573,0.8895249868117505,0.872153735292896,0.8895249868117505,0.03046703969016139,0.05560336709839843,0.019331680281593266,0.022215386092149597,0.43119421821268017
RAD_wavelet-H_glcm_InverseVariance,0.25960444717399084,0.2209500263764989,0.25569252941420795,0.2209500263764989,0.060942181064582,0.11120673419679687,-0.03865442079749193,-0.1488973752313858,0.4310812819296336
RAD_squareroot_glcm_DifferenceAverage,0.4063338099797566,0.47537675088774634,0.4068946542355288,0.47537675088774634,0.10302548074876938,0.20254235760385797,0.06904294090798974,0.16991680041204976,0.4296858167629334
RAD_exponential_firstorder_Mean,6.026766528224664,7.93979893953222,4.540861650134824,7.93979893953222,5.9478878607074845,2.365637483407169,1.9130324113075554,0.3174226846712353,0.42265421797298797
RAD_square_glcm_Id,0.9303331227365995,0.9402827862506267,0.9351574537680571,0.9402827862506267,0.027247658783656203,0.019757024192478604,0.009949663514027152,0.010694732101648148,0.41807247946090065
RAD_wavelet-H_glcm_Idn,0.9140517696739019,0.9263499912078337,0.9159939487987294,0.9263499912078337,0.020970040018454632,0.03706891139893231,0.012298221533931786,0.01345462252862751,0.4083729916896979
RAD_exponential_glcm_Imc1,-0.7367145816357169,-0.7915870271671624,-0.7808455057465563,-0.7915870271671624,0.18989964968168555,0.007687915690319101,-0.054872445531445546,-0.07448263804167521,0.4083095573109707
RAD_wavelet-L_glcm_JointAverage,13.655806027522775,12.916990697363136,14.124705322328836,12.916990697363136,2.6229886714335953,0.003343400755643631,-0.738815330159639,-0.05410265264936932,0.3983401920801011
RAD_wavelet-L_glcm_SumAverage,27.31161205504555,25.833981394726273,28.249410644657676,25.833981394726273,5.2459773428671905,0.006686801511279725,-1.477630660319278,-0.05410265264956742,0.3983401920801011
RAD_glcm_Contrast,0.30611366684455105,0.3636031872259009,0.297201617201983,0.3636031872259009,0.0902644034388481,0.18618542949921005,0.05748952038134986,0.18780448764400778,0.39293208500119703
RAD_square_glcm_Idm,0.9301546407851866,0.9396502751816829,0.9351367968789845,0.9396502751816829,0.027433476725033063,0.020651529924530024,0.009495634396496255,0.010208662064471005,0.3910813456169959
RAD_exponential_firstorder_MeanAbsoluteDeviation,7.100347386245651,9.208836718062349,5.438049907402656,9.208836718062349,6.648845305802739,3.744067075750496,2.108489331816698,0.29695579907420255,0.39077878460953847
RAD_square_firstorder_MeanAbsoluteDeviation,35.80222056162746,32.09266422906668,35.11640513217491,32.09266422906668,11.342492355062847,7.23169843106968,-3.70955633256078,-0.10361246521469375,0.38999421116510846
RAD_squareroot_glcm_Autocorrelation,143.25160888469284,154.11350772004693,144.0437801351756,154.11350772004693,38.86062672988975,6.969581033056457,10.861898835354083,0.07582392211796757,0.3890775997730603
RAD_exponential_glcm_InverseVariance,0.013765314906028813,0.0191955955183572,0.00918604697897025,0.0191955955183572,0.016817893029180978,0.01042256922626527,0.005430280612328387,0.39449010864989864,0.38813893434917796
RAD_wavelet-H_glcm_Idmn,0.9487448919814417,0.9558099947247003,0.9495963692792377,0.9558099947247003,0.013210235467961687,0.02224134683935935,0.007065102743258556,0.00744678870181688,0.38624196912115066
RAD_logarithm_glcm_Idm,0.8342481683928396,0.8172535465091744,0.8314830229336049,0.8172535465091744,0.0409555784247976,0.048166820934773966,-0.016994621883665184,-0.020371182731354177,0.38013476460679424
RAD_wavelet-H_firstorder_MeanAbsoluteDeviation,0.9366226545424647,1.1132746586943005,0.8958005871783599,1.1132746586943005,0.27543062226258197,0.6093977221470033,0.1766520041518358,0.18860530788599048,0.3735676517692235
RAD_wavelet-L_glcm_Contrast,0.4793322873782365,0.5763888998244191,0.45954694695179554,0.5763888998244191,0.1652698706899983,0.33072484342470615,0.09705661244618258,0.20248294342281148,0.37125037966996044
RAD_wavelet-H_glcm_JointEntropy,1.7979855400123956,1.734737799640838,1.810842179608279,1.734737799640838,0.1285634575678669,0.20638249661706132,-0.06324774037155767,-0.035177001683564114,0.3678615197644314
RAD_logarithm_firstorder_Range,499.6984245371259,480.9650945898274,502.4920297211107,480.9650945898274,62.42489446517304,37.447688506176476,-18.7333299472985,-0.03748927158345069,0.3639359476250363
RAD_squareroot_glcm_Idm,0.82423513129331,0.8053174474612629,0.8208633686552507,0.8053174474612629,0.03925877411054628,0.06355590166129839,-0.018917683832047172,-0.022951804784234555,0.35813136537382023
RAD_logarithm_glcm_Id,0.8432906963366193,0.8289110066608256,0.8406149038647133,0.8289110066608256,0.03791566699993208,0.04242017079808693,-0.014379689675793728,-0.017051877527590496,0.35742798574436757
RAD_wavelet-H_glcm_SumAverage,3.072914743938974,2.984313856716559,3.0304923829338044,2.984313856716559,0.34956465777405593,0.03685382174261551,-0.0886008872224151,-0.02883284913591842,0.3564718758144453
RAD_wavelet-H_glcm_JointAverage,1.536457371969487,1.4921569283582794,1.5152461914669022,1.4921569283582794,0.174782328887028,0.018426910871307756,-0.04430044361120755,-0.028832849134980132,0.3564718758144452
RAD_exponential_glcm_Correlation,0.9276440114767728,0.9402448192229573,0.9301803014127608,0.9402448192229573,0.04049355860145567,0.02943508186652004,0.01260080774618455,0.013583667429455177,0.3559669279805194
RAD_logarithm_glcm_MaximumProbability,0.18334649119564853,0.155918965096412,0.14875726369948689,0.155918965096412,0.09490231675503265,0.05412464890898251,-0.027427526099236516,-0.14959395135088396,0.35503694797221763
RAD_squareroot_firstorder_Kurtosis,1.9305608377748098,1.6576537042964719,1.6109067664267442,1.6576537042964719,1.0700105739837305,0.2265336336402081,-0.27290713347833795,-0.14136158163176987,0.352874848314376
RAD_square_glcm_DifferenceAverage,0.14025928573234536,0.12259698284346524,0.1297883769092483,0.12259698284346524,0.05548881783928664,0.04398657704521399,-0.017662302888880127,-0.12592608599185523,0.3527586047177499
RAD_glcm_DifferenceEntropy,0.8878492144053862,0.9567200083266607,0.8892182523559119,0.9567200083266607,0.13814868403855152,0.24022421031144756,0.06887079392127449,0.07757037208130196,0.35147143403090053
RAD_exponential_glcm_Id,0.9929913166300395,0.9904022022408214,0.9954069765105148,0.9904022022408214,0.009065209638439516,0.00521128461313252,-0.00258911438921805,-0.0026073887511364234,0.35017538311637675
RAD_square_glcm_SumAverage,4.628341366903813,4.266689040761533,4.323515974701697,4.266689040761533,1.3124309873008992,0.7043021716687826,-0.3616523261422797,-0.07813864567565329,0.34337993562260394
RAD_square_glcm_JointAverage,2.3141706834519065,2.1333445203807666,2.1617579873508483,2.1333445203807666,0.6562154936504496,0.352151085834392,-0.18082616307113986,-0.07813864567396503,0.34337993562260377
RAD_exponential_glcm_Idm,0.9929605720706818,0.9904022022408214,0.9954069765105148,0.9904022022408214,0.009234573034941447,0.00521128461313252,-0.002558369829860352,-0.002576506964690023,0.3412148279860194
RAD_lbp-2D_firstorder_Kurtosis,6.562029171159058,6.18798697346061,6.294196708874604,6.18798697346061,1.5524119631180981,0.19768473553700489,-0.37404219769844804,-0.05700099587132443,0.33801478262780127
RAD_squareroot_glcm_Id,0.8310934761817621,0.8150175862072845,0.8273578546945791,0.8150175862072845,0.036673759402405845,0.05647521060461227,-0.01607588997447762,-0.0193430587933378,0.3376209878727814
RAD_square_firstorder_Mean,42.317164498277485,37.69173049082033,38.557037087538504,37.69173049082033,17.19409486889494,9.054531635637536,-4.625434007457152,-0.10930396831372052,0.33661941745533513
RAD_logarithm_firstorder_Kurtosis,1.7694487907695458,1.4177661062953795,1.2982013041791687,1.4177661062953795,1.5072277304783388,0.18561712309454045,-0.3516826844741663,-0.19875267726812357,0.32750544254280045
RAD_exponential_glcm_DifferenceAverage,0.01418101799483247,0.0191955955183572,0.00918604697897025,0.0191955955183572,0.019028849861378122,0.01042256922626527,0.00501457752352473,0.3536119543738563,0.3268622438219649
RAD_exponential_firstorder_RootMeanSquared,12.47830368997398,15.138264243130147,10.119457109787916,15.138264243130147,10.310323075424773,5.13423126680574,2.659960553156166,0.21316683895680982,0.32659921409183285
RAD_exponential_glcm_MCC,0.9287157147919788,0.9402525304193039,0.9305469476889618,0.9402525304193039,0.04064327050800025,0.029432409875731144,0.011536815627325114,0.01242233273576833,0.3251328308497255
RAD_logarithm_firstorder_InterquartileRange,360.6491360055004,387.91536951036915,394.26102709556903,387.91536951036915,106.6005827058478,53.78891673197731,27.26623350486875,0.07560321315852353,0.32294391917684423
RAD_gradient_firstorder_Minimum,0.09741105845100001,0.0,0.0,0.0,0.43672462437171733,0.0,-0.09741105845100001,-0.9999999989734226,0.31543914013254337
RAD_glcm_SumAverage,19.8381029296353,19.006492161849344,20.60970775194886,19.006492161849344,3.7354985358127335,0.0015527654481443495,-0.831610767785957,-0.041919873625590326,0.3148375279864647
RAD_glcm_JointAverage,9.919051464817649,9.503246080924674,10.30485387597443,9.503246080924674,1.8677492679063668,0.0007763827240734308,-0.41580538389297494,-0.04191987362537866,0.31483752798646203
RAD_wavelet-L_glcm_DifferenceEntropy,1.0821374336593625,1.1539184454513585,1.0870157645146916,1.1539184454513585,0.1716025565966479,0.27662337808738563,0.07178101179199592,0.06633262056430998,0.31184396704105793
RAD_logarithm_glcm_Imc2,0.9943991842455061,0.9959190299043601,0.9959658125190936,0.9959190299043601,0.006997882535381177,0.00030558906118156073,0.001519845658853991,0.0015284059789875265,0.30685566079851073
RAD_exponential_glcm_DifferenceVariance,0.014130536051749873,0.018772809656414702,0.00910166031797165,0.018772809656414702,0.01983179822908479,0.010022434380006377,0.004642273604664829,0.32852777522457616,0.2954557424630643
RAD_wavelet-H_glcm_SumSquares,0.24634125923636133,0.24976871070509324,0.24960637331991944,0.24976871070509324,0.016660565455900694,0.0002890471641985725,0.0034274514687319124,0.013913428379660807,0.29089162954552683
RAD_wavelet-H_glcm_Autocorrelation,2.5076021670685504,2.365995771886589,2.4112885534734714,2.365995771886589,0.690964384227011,0.00032263448447531574,-0.14160639518196128,-0.05647083777322445,0.2898292116429513
RAD_lbp-2D_firstorder_Mean,4.304535259279225,4.249630435450124,4.273905933591807,4.249630435450124,0.2683824682476043,0.01966813366394793,-0.054904823829101446,-0.012755110719436758,0.28854149644599125
RAD_wavelet-H_firstorder_Uniformity,0.5070729254932138,0.5005013361872735,0.5008045260101124,0.5005013361872735,0.03227955344293822,0.0006180556113444016,-0.006571589305940262,-0.012959850495374604,0.28785799825651637
RAD_firstorder_RootMeanSquared,103.28961244527574,97.95404926402111,100.75927411941667,97.95404926402111,20.77024231990823,16.174180350267484,-5.335563181254628,-0.05165633847330309,0.28663315913546605
RAD_wavelet-L_firstorder_RootMeanSquared,146.06438453747091,138.51992444568626,142.48084347539702,138.51992444568626,29.373947889981217,22.866713041555307,-7.544460091784657,-0.051651606349281266,0.28661977108477876
RAD_exponential_firstorder_Median,1.5026071951648516,2.0550720539379634,0.8258844147790866,2.0550720539379634,2.7667103258631007,0.17532265752194107,0.5524648587731118,0.3676708460561668,0.2818290382280653
RAD_exponential_glcm_SumAverage,2.213906313515345,2.303179549158708,2.107810261424089,2.303179549158708,0.3874101697591292,0.2260175656071418,0.08927323564336298,0.04032385430871207,0.28148421135558954
RAD_exponential_glcm_JointAverage,1.1069531567576727,1.1515897745793537,1.0539051307120446,1.1515897745793537,0.1937050848795646,0.11300878280357074,0.044636617821681046,0.04032385430689027,0.2814842113555868
RAD_wavelet-H_glcm_JointEnergy,0.31884131556982054,0.3345149352344486,0.31357795165118235,0.3345149352344486,0.0503168684680439,0.06264256681714071,0.015673619664628047,0.04915805729787863,0.27587136897101444
RAD_exponential_firstorder_RobustMeanAbsoluteDeviation,3.4549543974054124,4.598538886122174,2.104955701618459,4.598538886122174,5.612639949643161,1.747889230677019,1.1435844887167619,0.3309984321478936,0.27511623398282853
RAD_logarithm_glcm_Correlation,0.9801823702721989,0.9766411492053968,0.9822893908842909,0.9766411492053968,0.013344916512565764,0.012476741236360639,-0.0035412210668021027,-0.0036128185670768753,0.2741281161662201
RAD_logarithm_firstorder_RootMeanSquared,199.99515282497092,194.3643438497205,198.39859200461916,194.3643438497205,18.566020249555233,22.431628433790042,-5.630808975250403,-0.028154727230691855,0.2734764042785806
RAD_wavelet-H_firstorder_Entropy,0.9892361931400393,0.999276511891797,0.9988682593980505,0.999276511891797,0.05212540461275432,0.0008919640066184456,0.010040318751757704,0.010149566726701243,0.27236386243205823
RAD_wavelet-H_firstorder_Range,17.223638106780072,20.29631594104975,14.819648045916868,20.29631594104975,11.271955313179564,11.40254823741396,3.072677834269676,0.17839888502082957,0.2710204319294984
RAD_squareroot_firstorder_InterquartileRange,250.1099796321108,265.48843657900534,261.73913906482176,265.48843657900534,66.93770973608292,44.47035904947851,15.378456946894545,0.06148677861438684,0.2706260921116801
RAD_wavelet-H_glcm_SumEntropy,1.538309201429735,1.513787773264339,1.5564740480951262,1.513787773264339,0.08678184360169508,0.09517576242026432,-0.024521428165396042,-0.015940506720632814,0.2692426925362424
RAD_logarithm_firstorder_90Percentile,222.10554240587012,231.83518390891908,225.01446757731688,231.83518390891908,42.80628389244264,29.058743574755415,9.729641503048953,0.04380638770942901,0.2659529463582625
RAD_exponential_glcm_Contrast,0.01469182867581363,0.0191955955183572,0.00918604697897025,0.0191955955183572,0.022049195527175665,0.01042256922626527,0.004503766842543571,0.30654909686654397,0.2611599172723545
RAD_lbp-2D_firstorder_RootMeanSquared,4.486267814189397,4.435601245068044,4.460978016556566,4.435601245068044,0.2755118245955819,0.010435281998618618,-0.05066656912135237,-0.01129370140587064,0.2598872405890546
RAD_square_firstorder_Median,26.424746760502757,22.893907534865853,20.31321615013365,22.893907534865853,18.27141236646285,6.043745675784928,-3.5308392256369032,-0.13361865896482725,0.25946228327323867
RAD_gradient_glcm_Idmn,0.9974054319805796,0.9969183864945517,0.9977298616107093,0.9969183864945517,0.0016161710064865427,0.002169414647517697,-0.0004870454860279594,-0.0004883124458345755,0.2546111272328503
RAD_glcm_DifferenceAverage,0.2882847133875606,0.31260757281094753,0.28505930077827485,0.31260757281094753,0.07070875200477339,0.11876122482638446,0.02432285942338691,0.08437096483243268,0.2488673775911483
RAD_squareroot_firstorder_RootMeanSquared,149.75541532676948,145.24560395227687,149.1515068373885,145.24560395227687,18.48114006843567,19.223625457480374,-4.509811374492614,-0.030114512818445325,0.2391706810885905
RAD_wavelet-H_firstorder_Kurtosis,7.746201732135083,9.841851323910142,5.496302490709709,9.841851323910142,11.580581008904774,4.451271532684594,2.095649591775058,0.2705389898450761,0.23888063969669163
RAD_wavelet-L_glcm_DifferenceAverage,0.4088940613810741,0.4414006708291669,0.40862576299774866,0.4414006708291669,0.100875356306585,0.1674027577382048,0.032506609448092805,0.07949885437403789,0.23521104628974052
RAD_square_glcm_SumEntropy,2.5463066235896177,2.4307852608820806,2.529562877404616,2.4307852608820806,0.6184653428129927,0.31743728747019473,-0.1155213627075371,-0.04536820571127674,0.23500887574773147
RAD_square_firstorder_10Percentile,1.4383701326134894,1.0480695880590944,0.7419947602119994,1.0480695880590944,2.3130173106449714,0.41567479984804395,-0.390300544554395,-0.2713491720090794,0.23487302207462715
RAD_squareroot_glcm_Correlation,0.987330116261575,0.9855360989828748,0.9891588651035448,0.9855360989828748,0.008855927430045566,0.006223129103628279,-0.0017940172787002107,-0.0018170389507729903,0.23440215545669493
RAD_lbp-2D_firstorder_RobustMeanAbsoluteDeviation,0.4879767571130178,0.46470771784852904,0.5017276239732923,0.46470771784852904,0.14292800932999555,0.01680150104678837,-0.023269039264488756,-0.047684728669015394,0.22866305180675894
RAD_logarithm_firstorder_Uniformity,0.11972425623599754,0.1095318139375604,0.09872430648375466,0.1095318139375604,0.06152108495787902,0.0169432577608204,-0.010192442298437146,-0.0851326423764353,0.22588830885725522
RAD_square_firstorder_Entropy,2.081922695933254,1.994266264222287,2.06256478641816,1.994266264222287,0.49866226135962516,0.2416880499552978,-0.08765643171096715,-0.04210359581457151,0.22370465670211004
RAD_square_glcm_Imc1,-0.7025909184447066,-0.7154332248698513,-0.7080186314277626,-0.7154332248698513,0.06962121418274228,0.042481020074290055,-0.012842306425144723,-0.018278497609598057,0.22268453110310485
RAD_glcm_Imc1,-0.7048584819076383,-0.694621320665105,-0.7058197645175086,-0.694621320665105,0.0445491742163949,0.05109382935393294,0.010237161242533377,0.014523711502165679,0.2135708318771284
RAD_square_glcm_JointEntropy,2.694171853095427,2.578255178167752,2.6699906901601462,2.578255178167752,0.6716943752989559,0.39659950573959557,-0.11591667492767499,-0.04302497436835435,0.21015672385733117
RAD_squareroot_glcm_MaximumProbability,0.1111802806565791,0.09933350130307769,0.088046921471303,0.09933350130307769,0.0788158099253714,0.019720510913893485,-0.01184677935350141,-0.1065546810359208,0.20621298508343708
RAD_wavelet-L_glcm_ClusterTendency,124.53187995638083,115.45227267864033,119.61430780276055,115.45227267864033,49.34402206905802,38.42244523682954,-9.079607277740507,-0.07290990291733719,0.20532019525438303
RAD_wavelet-L_glcm_MaximumProbability,0.07460723311811615,0.08663715385766135,0.0577353139129828,0.08663715385766135,0.07879338820826504,0.027753524993708124,0.012029920739545202,0.16124335698625122,0.20365349272876043
RAD_wavelet-L_glcm_SumSquares,31.25280306093978,29.007165394616184,29.993920844267585,29.007165394616184,12.35240399741054,9.688292520063557,-2.2456376663235957,-0.07185396016919333,0.2022994804989776
RAD_square_glcm_JointEnergy,0.3128250321646004,0.29078370248522567,0.30496016853456,0.29078370248522567,0.1352941581643021,0.0757142253075721,-0.02204132967937472,-0.07045897037015647,0.20105333114300195
RAD_glcm_Idm,0.8576321683325786,0.8487957750360218,0.85871023961796,0.8487957750360218,0.03368034543427691,0.05263819194590957,-0.008836393296556833,-0.010303243770235854,0.19997304411755848
RAD_firstorder_Uniformity,0.08542267465817208,0.07928509448301635,0.0767115457085614,0.07928509448301635,0.042454860036572034,0.009786382449773064,-0.006137580175155727,-0.07184954337394554,0.19922439475954262
RAD_logarithm_glcm_JointEnergy,0.08965295865713173,0.08079453100269354,0.0697344251977681,0.08079453100269354,0.06046924909933964,0.01772284529841894,-0.008858427654438186,-0.09880797886922517,0.19881171299270226
RAD_square_glcm_DifferenceEntropy,0.5725435485052108,0.5435388974647682,0.5633168665002833,0.5435388974647682,0.14872971550592787,0.1443948916064133,-0.029004651040442586,-0.05065929239985608,0.19787816699366653
MORPH_MinThickness,6.6523547373381655,6.0,6.0,6.0,3.9572941996021753,2.8284271247461903,-0.6523547373381655,-0.09806373278124199,0.18966614634278045
RAD_square_glcm_Contrast,0.14310212224593744,0.13208464887762084,0.13225492545469608,0.13208464887762084,0.05907742423156285,0.0574041630259834,-0.0110174733683166,-0.07699028629137153,0.18915155697395764
RAD_exponential_firstorder_InterquartileRange,5.804604294324394,7.143536115651094,3.3007616297132705,7.143536115651094,10.021600605140245,0.1564559363779085,1.3389318213267005,0.23066720027975207,0.1889223988647432
MORPH_CentroidX,97.26315789473684,93.0,96.0,93.0,31.707395871277416,5.656854249492381,-4.263157894736835,-0.0438311688311237,0.18718967316863264
RAD_squareroot_glcm_ClusterProminence,30161.113262095165,27497.628756785693,28703.991155755888,27497.628756785693,16373.899136349402,12686.553800060747,-2663.4845053094723,-0.08830856083342206,0.18184844407818163
RAD_square_glcm_Imc2,0.9607452667922043,0.9705820851745057,0.972618283690695,0.9705820851745057,0.07694074692790868,0.005251234134957187,0.009836818382301438,0.010238737281653587,0.18038653031759333
RAD_firstorder_Variance,9767.063214544976,9131.981320049339,9392.017569097523,9131.981320049339,3840.0141196676295,3187.538745318002,-635.0818944956372,-0.06502280988105774,0.17996653863701684
RAD_wavelet-L_firstorder_Variance,19531.495522386573,18261.65008764874,18782.94663025438,18261.65008764874,7679.528657052439,6372.799214337663,-1269.845434737832,-0.06501526896813183,0.1799545959180664
RAD_squareroot_firstorder_Uniformity,0.08249894481206184,0.07516021658950606,0.06806979991278575,0.07516021658950606,0.05737084831680611,0.00963897358415748,-0.007338728222555782,-0.08895541913146111,0.17840204670465776
RAD_glcm_JointEnergy,0.051913926063487784,0.046651116177585744,0.04264581156228375,0.046651116177585744,0.040833287418563166,0.009628418173439483,-0.0052628098859020395,-0.10137568615651132,0.1774060697107383
RAD_wavelet-L_glcm_Idm,0.8024995656730363,0.792262713403013,0.8004296588841676,0.792262713403013,0.04505596934075925,0.06812686927348385,-0.010236852270023244,-0.012756209107929213,0.17724575814907656
RAD_glcm_ClusterTendency,62.38111989877816,58.42330850879003,59.85676353693944,58.42330850879003,24.606790070446397,19.881873133839786,-3.95781138998813,-0.06344566106546135,0.17692945215189504
RAD_glcm_Id,0.8586707173845571,0.8512467160602697,0.8591495497276402,0.8512467160602697,0.03278290319606668,0.049485003565798144,-0.007424001324287444,-0.008645923487452524,0.17687516863764616
RAD_wavelet-L_glcm_SumEntropy,5.157237563552312,5.092438885150154,5.255732139345904,5.092438885150154,0.5200146220886617,0.08202973258081223,-0.06479867840215814,-0.012564609949103888,0.17407176776733066
RAD_glcm_SumSquares,15.671808391405676,14.69672792400398,15.03532105122325,14.69672792400398,6.1606652777602,5.017014640834748,-0.9750804674016962,-0.06221875887215431,0.17356310024244853
RAD_lbp-2D_firstorder_10Percentile,3.0331578947368425,3.0,3.0,3.0,0.27100738254219203,0.0,-0.0331578947368425,-0.010931806350498645,0.17302976766428732
RAD_square_firstorder_Uniformity,0.354034745105858,0.33656872055313325,0.3507211573392881,0.33656872055313325,0.12984557183554915,0.06718350942024041,-0.017466024552724724,-0.04933421024133912,0.16895508895531403
RAD_wavelet-L_glcm_Id,0.806254098829793,0.7975238241461757,0.8040637978205776,0.7975238241461757,0.04250804060595935,0.06237850569027863,-0.008730274683617312,-0.010828192619678732,0.16356156066849736
RAD_squareroot_glcm_JointEnergy,0.05216904976015039,0.0455420579509363,0.0392009248360417,0.0455420579509363,0.05675201359511604,0.009663972829953682,-0.00662699180921409,-0.12702918352891363,0.16279578701864525
RAD_logarithm_firstorder_Maximum,245.0631722084528,240.42681236741254,245.4178827090133,240.42681236741254,36.128151711343506,20.420096112142716,-4.636359841040274,-0.018919039524611457,0.15799645990338212
RAD_logarithm_glcm_ClusterProminence,79757.26223347777,73864.04355111672,75191.26378895642,73864.04355111672,43753.28721444305,30741.15924692288,-5893.218682361054,-0.07388943047103982,0.15585920314670498
RAD_squareroot_glcm_Imc2,0.9960860484295812,0.9974554402233295,0.9978032230413594,0.9974554402233295,0.012818780102112402,0.0003276544504013922,0.001369391793748398,0.0013747725869365296,0.15102686128207238
RAD_wavelet-H_firstorder_90Percentile,1.4291436206481445,1.5254823257328862,1.3206859510963782,1.5254823257328862,0.46350490773770364,0.7747446833554928,0.09633870508474174,0.0674100934896307,0.15091047316100026
RAD_glcm_Imc2,0.9965756155832072,0.9973370816854439,0.997870262348199,0.9973370816854439,0.007145645884338336,0.000527323380910741,0.0007614661022367075,0.0007640826147594237,0.15029506652156638
RAD_logarithm_firstorder_10Percentile,-222.97343930700976,-215.9389233613424,-232.99874327899198,-215.9389233613424,61.428263046926304,26.752502351156927,7.034515945667351,0.031548672198478525,0.14848009185079214
RAD_square_firstorder_RobustMeanAbsoluteDeviation,24.782506260226175,23.53438084373962,22.85530272021869,23.53438084373962,10.146684463756745,6.872234362421418,-1.2481254164865554,-0.05036316357093612,0.1440333662767686
RAD_wavelet-H_firstorder_InterquartileRange,1.593438463900026,1.6448622067837948,1.5830094659990013,1.6448622067837948,0.28436790272298085,0.425845156733292,0.05142374288376872,0.03227218624726752,0.14202170344665535
RAD_lbp-2D_firstorder_Maximum,8.98421052631579,9.0,9.0,9.0,0.16187773129312882,0.0,0.01578947368420991,0.0017574692442685945,0.1379416899938389
RAD_square_firstorder_InterquartileRange,56.33307055623303,53.56307610868818,51.11973973840247,53.56307610868818,25.13291888394418,15.777089123247624,-2.7699944475448532,-0.049171728439245305,0.13201079605625138
RAD_wavelet-L_firstorder_Uniformity,0.06447668590871901,0.05788675368164845,0.05470538175075905,0.05788675368164845,0.07109066971863255,0.0047846257594684125,-0.0065899322270705565,-0.10220643514741776,0.13079825399567105
RAD_lbp-2D_firstorder_MeanAbsoluteDeviation,0.8389413313294923,0.826444629393772,0.8388147465200868,0.826444629393772,0.13582754178637976,0.0006401188756364266,-0.012496701935720389,-0.014895799584014961,0.13011211773317977
RAD_square_firstorder_Minimum,0.023386137254082003,0.0014701811960967,0.0005351458414904,0.0014701811960967,0.23998668509188667,0.0013870918287084584,-0.021915956057985304,-0.9371344966534166,0.12914601735774361
RAD_exponential_glcm_ClusterProminence,65.50725112648267,7.058003217626566,0.9669799552000322,7.058003217626566,646.0279358107489,7.976199440951814,-58.44924790885611,-0.8922561533823475,0.1279409373127145
RAD_square_glcm_Correlation,0.9733064558144028,0.9713290141703423,0.9771479057972369,0.9713290141703423,0.02193391848784645,0.0017181813009952806,-0.0019774416440604403,-0.0020316742296779197,0.12710833878180455
RAD_logarithm_glcm_Imc1,-0.675985703538768,-0.6806862108812544,-0.6736408872755686,-0.6806862108812544,0.04993608247613425,0.01674961231484322,-0.004700507342486393,-0.006953560285645096,0.12621002014243862
RAD_lbp-2D_firstorder_Median,4.026315789473684,4.0,4.0,4.0,0.29874889964714296,0.0,-0.02631578947368407,-0.006535947712255935,0.12457333373343207
RAD_exponential_firstorder_Minimum,0.030985109236508206,0.0181956720767634,0.00482128331662735,0.0181956720767634,0.15052391668787285,0.0061286767820113875,-0.012789437159744805,-0.4127607561699209,0.12006080178629608
RAD_logarithm_firstorder_RobustMeanAbsoluteDeviation,155.4832067209032,159.8963430531244,167.422267230947,159.8963430531244,42.90617580003504,31.12220503064457,4.4131363322212,0.028383363228030582,0.11774578888946616
RAD_exponential_glcm_ClusterShade,4.96939451277919,2.1174844595273674,0.4724000760517047,2.1174844595273674,34.7997403183918,2.1857235779479187,-2.8519100532518227,-0.5738948771043477,0.11566977079182537
RAD_glcm_SumEntropy,4.595319498437121,4.557007647824969,4.691500363657816,4.557007647824969,0.44903128267248626,0.17082652947240526,-0.03831185061215159,-0.008337146225490486,0.11277687831727544
RAD_wavelet-L_firstorder_Entropy,4.2821418003626555,4.245976540905891,4.373941532864679,4.245976540905891,0.44491328686539533,0.10698682484178428,-0.036165259456764076,-0.008445600622767016,0.11176979448338194
RAD_squareroot_firstorder_Maximum,219.44178122377593,217.0239197247802,219.75368920393964,217.0239197247802,27.251422346753753,16.429714858956473,-2.417861498995734,-0.011018236752868024,0.1074565020708884
RAD_wavelet-L_glcm_Imc2,0.9935165018293377,0.9982666594103444,0.9986104809493899,0.9982666594103444,0.06275633417662509,0.000432400723833169,0.00475015758100672,0.004781156197991935,0.10704222782716469
RAD_exponential_firstorder_10Percentile,0.13081992356814082,0.0994713650045258,0.0480630820785167,0.0994713650045258,0.42436664773527716,0.03808500103960768,-0.031348558563615014,-0.23963137788658925,0.10405174699170985
RAD_wavelet-L_glcm_JointEnergy,0.03488002208652026,0.02962415997005325,0.0253769924866912,0.02962415997005325,0.0718664667866131,0.0029406069239064315,-0.00525586211646701,-0.1506840244642445,0.10334022709586319
RAD_square_firstorder_90Percentile,109.44167900098451,106.2829253056361,107.85016890631468,106.2829253056361,36.80655479728999,25.535952224827838,-3.158753695348409,-0.028862438187896473,0.09971900151800656
RAD_squareroot_firstorder_RobustMeanAbsoluteDeviation,104.55533108712706,107.02638426297678,108.52963015025131,107.02638426297678,26.87284886780865,23.124726368157287,2.4710531758497183,0.02363392808529486,0.09857033031377004
RAD_wavelet-H_firstorder_RobustMeanAbsoluteDeviation,0.5880336758584161,0.6071368566750536,0.5616389004699691,0.6071368566750536,0.14969629329462827,0.23550953810680283,0.019103180816637422,0.03248654217890123,0.09681111362975957
RAD_square_glcm_MCC,0.9769103012854856,0.9754123289840346,0.9806318157448254,0.9754123289840346,0.021838742195530645,0.0016528604493164286,-0.0014979723014509894,-0.0015333775263977837,0.09672769716664091
RAD_square_glcm_DifferenceVariance,0.12036665141661552,0.11608721919522266,0.11597239286186625,0.11608721919522266,0.04176554479897045,0.04661891976327365,-0.004279432221392862,-0.03555330456959771,0.0966910832690834
RAD_squareroot_glcm_InverseVariance,0.2745448367470033,0.2788354228341941,0.2802111806006261,0.2788354228341941,0.05001099778819761,0.04399207111813,0.004290586087190795,0.01562799773059228,0.09109953516170974
RAD_square_glcm_MaximumProbability,0.5078223139268666,0.4977375262780792,0.523314479645818,0.4977375262780792,0.14365835341896083,0.07596413626448632,-0.010084787648787397,-0.019858890344574057,0.08776306042631211
RAD_wavelet-L_glcm_MCC,0.9891414924592092,0.991352189027257,0.9928235887834964,0.991352189027257,0.03630410231784496,0.002360706195443833,0.002210696568047732,0.0022349649516046374,0.0859354173056194
RAD_exponential_firstorder_Maximum,57.19281801062668,55.05254558684551,51.36113972324398,55.05254558684551,36.113215026101514,2.360444451193144,-2.1402724237811697,-0.037422048750592345,0.0836357915773587
RAD_exponential_firstorder_Range,57.161832901390156,55.034349914768754,51.35705157848024,55.034349914768754,36.123364738519804,2.3665731279751543,-2.127482986621402,-0.03721859287276179,0.08311183818985703
RAD_wavelet-L_glcm_Correlation,0.9884309065558913,0.9904860727184022,0.9921850776386238,0.9904860727184022,0.03630857941250122,0.0025231252415725274,0.002055166162510891,0.002079220862755123,0.07985582421339137
RAD_logarithm_firstorder_MeanAbsoluteDeviation,174.51278147519736,177.01505490187176,184.0976957234996,177.01505490187176,35.47777270245067,28.12365961051532,2.5022734266744067,0.0143386255466257,0.07816527714840366
RAD_firstorder_Entropy,3.804109059386242,3.782650919308267,3.8832604015328585,3.782650919308267,0.3766969502432217,0.136399284813881,-0.021458140077974974,-0.005640779415738667,0.07574645418122128
RAD_glcm_Correlation,0.9884528087092594,0.9880124789396992,0.9900903440669058,0.9880124789396992,0.007990032091438674,0.0022420736270786184,-0.0004403297695602104,-0.0004454737400065199,0.07503879735289759
RAD_logarithm_firstorder_Entropy,3.520822927489868,3.5435202507998342,3.652178002456126,3.5435202507998342,0.42515494829021777,0.14054256203123178,0.022697323309966322,0.006446596087552597,0.07168408882656653
RAD_logarithm_glcm_InverseVariance,0.2121913930284425,0.21008386568552329,0.21731282750836314,0.21008386568552329,0.042675313809052665,0.01357239910105743,-0.0021075273429192187,-0.009932199943866253,0.06655620189562533
RAD_squareroot_glcm_SumEntropy,4.699905807500834,4.6763538480462,4.83726280022287,4.6763538480462,0.48794872920466376,0.13972892723840197,-0.023551959454634286,-0.005011155631362936,0.06562265940976904
RAD_squareroot_firstorder_MeanAbsoluteDeviation,125.42784563458949,126.98478977964155,128.8666900696347,126.98478977964155,25.310230751472282,22.127259818669472,1.5569441450520571,0.012413066151089613,0.06549465845095231
RAD_exponential_glcm_Autocorrelation,1.467091742137918,1.5301886903871438,1.1700502921721097,1.5301886903871438,1.3260160939675598,0.44436511572614806,0.06309694824922585,0.04300818171941795,0.06380628494245782
RAD_glcm_MCC,0.9892397866349111,0.9888903249796456,0.9907116184722093,0.9888903249796456,0.007508932345376399,0.0024966027782271313,-0.0003494616552655039,-0.00035326283874907466,0.06245512554635621
RAD_logarithm_glcm_MCC,0.9880659071612465,0.9876492188901576,0.9894469758181181,0.9876492188901576,0.00871675297058396,0.0038407081004977538,-0.000416688271088983,-0.0004217211301662793,0.06186486462017815
RAD_firstorder_InterquartileRange,140.25893924318004,142.5181779286434,133.86557779103384,142.5181779286434,43.513364988182275,30.320155433204253,2.259238685463373,0.016107627062149025,0.060243957826348386
RAD_wavelet-H_firstorder_10Percentile,-1.4673353450954534,-1.5056817352272034,-1.4927963588975424,-1.5056817352272034,0.47000929980646566,0.7701355964649007,-0.03834639013175001,-0.02613335135510019,0.06010665953068928
RAD_wavelet-L_firstorder_InterquartileRange,198.35178529478543,201.28302233394658,189.33327057274926,201.28302233394658,61.58388362380299,43.97374633955759,2.9312370391611466,0.014777971545874105,0.05478103244102667
RAD_wavelet-L_glcm_JointEntropy,5.6714856315941,5.645618280902197,5.746996582279418,5.645618280902197,0.6155204296631449,0.3301437443873467,-0.025867350691902935,-0.0045609479370533525,0.052374418416124634
RAD_wavelet-L_glcm_Imc1,-0.6724362303232788,-0.6700153183348903,-0.6741095959412544,-0.6700153183348903,0.04863745039055847,0.045803655106784115,0.0024209119883885633,0.0036002105164153193,0.05124511976664308
RAD_squareroot_glcm_Imc1,-0.6801589929673489,-0.6780361055940929,-0.6767269363131876,-0.6780361055940929,0.046699759959699355,0.037707659280724996,0.002122887373256055,0.003121163426337065,0.05001793794916662
RAD_wavelet-L_glcm_InverseVariance,0.35639047270241975,0.35988166772085173,0.35537642685515225,0.35988166772085173,0.06655662785889954,0.07486453911186797,0.0034911950184319807,0.009795983015425537,0.049288044307078116
RAD_squareroot_glcm_MCC,0.9897506342251233,0.9894813473476024,0.9910544519612625,0.9894813473476024,0.007241888162149616,0.0027504837322311917,-0.0002692868775209245,-0.00027207547859218285,0.04916069288880403
RAD_lbp-2D_firstorder_Variance,1.6014323099764696,1.6150605971594634,1.6038555261761958,1.6150605971594634,0.39166680153267114,0.07459109920221213,0.013628287182993803,0.008510061335244973,0.048339613530965275
RAD_wavelet-H_firstorder_Maximum,8.450494840501445,8.715559778272661,7.022582793784784,8.715559778272661,5.60857165285162,5.521276169360175,0.265064937771216,0.03136679481746782,0.047629902797367
RAD_glcm_InverseVariance,0.27412182629234544,0.2769469836745657,0.27424226112288497,0.2769469836745657,0.0588988418478896,0.07243721027505534,0.002825157382220278,0.010306210998961765,0.042795044030232036
RAD_logarithm_glcm_ClusterTendency,226.5358204457161,224.13946902708665,232.97338996519312,224.13946902708665,59.32119410560102,60.101738668224165,-2.3963514186294503,-0.010578245038305635,0.04013132452664747
RAD_wavelet-L_firstorder_MeanAbsoluteDeviation,112.30886207326662,111.33990718657748,111.54400307452033,111.33990718657748,27.01793295682956,22.106144316025887,-0.9689548866891471,-0.008627590635333566,0.03925355566468935
RAD_firstorder_MeanAbsoluteDeviation,79.42084652027903,78.73912616436773,78.87534390154507,78.73912616436773,19.105863078234815,15.64326550122889,-0.6817203559112954,-0.008583645047605594,0.039043331264246806
RAD_glcm_JointEntropy,4.923254109087756,4.939629118000535,4.999414359101973,4.939629118000535,0.5116103572013149,0.36924196265988507,0.016375008912778988,0.003326053977636461,0.03670360763784701
RAD_glcm_MaximumProbability,0.10405013659658473,0.10554713519727255,0.0869743868310548,0.10554713519727255,0.05984087802293898,0.0063778073113155255,0.0014969986006878183,0.014387281441572147,0.03517918105996568
RAD_exponential_firstorder_Variance,189.9382485731737,176.5086820937081,81.18812360258181,176.5086820937081,538.5982792435395,117.88132724034442,-13.429566479465592,-0.0707049084654731,0.03444701128387938
RAD_lbp-2D_firstorder_Skewness,0.9361060555880951,0.9248939690188683,0.9250351004226488,0.9248939690188683,0.41688275891062326,0.20259058839479305,-0.011212086569226787,-0.01197736784320364,0.034209738125229115
RAD_squareroot_firstorder_Variance,20074.498118779095,19878.16095636795,20649.4722647195,19878.16095636795,5795.045422095351,5936.864503397896,-196.33716241114598,-0.009780426950125216,0.03346817698098771
RAD_wavelet-L_firstorder_RobustMeanAbsoluteDeviation,82.40094036423002,83.07814137165715,78.85753193815171,83.07814137165715,24.19316741416053,20.415704834632884,0.6772010074271293,0.008218365038468399,0.030253443835680363
RAD_logarithm_glcm_SumSquares,57.15250189439116,56.746168110267924,58.77129475313971,56.746168110267924,14.896974781127895,15.561183982304458,-0.40633378412323395,-0.007109641234488106,0.026675099063523076
RAD_logarithm_firstorder_Variance,35747.71092398467,35512.58097933588,36620.97616295118,35512.58097933588,9217.082802851544,9580.712965875951,-235.12994464879012,-0.006577482545631494,0.02501207767677137
RAD_squareroot_firstorder_Entropy,3.9127432611029187,3.9054591234589946,4.024553392584368,3.9054591234589946,0.4034265872858606,0.1233576150058812,-0.0072841376439241046,-0.0018616446716937663,0.02441853496736913
RAD_firstorder_RobustMeanAbsoluteDeviation,58.70700674154727,58.94430439755917,56.078519870643035,58.94430439755917,17.236479101572403,14.500768689032864,0.23729765601190422,0.004042067023723135,0.014898642323674818
RAD_gradient_glcm_Imc1,-0.6940349638165393,-0.6931444970544625,-0.6958797381765297,-0.6931444970544625,0.08360101832967876,0.05299538030390594,0.0008904667620768247,0.0012830286777654435,0.012722485338217605
RAD_squareroot_glcm_ClusterTendency,127.82279459263093,127.349861096334,131.38428486643187,127.349861096334,37.307918743974646,38.59528343192063,-0.4729334962969318,-0.003699915166178246,0.012459698005845853
RAD_shape2D_Elongation,0.46469800438708114,0.4679735603632301,0.4869972218697022,0.4679735603632301,0.17277269697528969,0.34090024375906997,0.0032755559761489805,0.007048784252397285,0.012120745954342671
RAD_exponential_glcm_ClusterTendency,0.8323809222538602,0.8097723514225355,0.22460319736978063,0.8097723514225355,2.964515883742746,0.7467649624168461,-0.022608570831324726,-0.027161327493415825,0.010458633222067132
RAD_wavelet-L_firstorder_Maximum,261.5040520470321,261.79633392594775,261.8062377681761,261.79633392594775,35.87474519915048,17.02013961260518,0.2922818789156736,0.0011176954109414499,0.010409857039660065
RAD_squareroot_glcm_JointEntropy,5.16382614756866,5.1599066942564455,5.303253961319635,5.1599066942564455,0.5783138072270531,0.30822927384488297,-0.003919453312214216,-0.0007590211599171968,0.00845830040204777
RAD_exponential_glcm_SumSquares,0.21176818773241843,0.2072419867352232,0.05863646264304455,0.2072419867352232,0.7461421579957952,0.18929688291077787,-0.004526200997195223,-0.02137337549857586,0.008315380831398617
RAD_wavelet-H_glcm_MaximumProbability,0.4029368976584717,0.40255478044517234,0.39517987208104915,0.40255478044517234,0.06632072761154705,0.0666951453847834,-0.0003821172132993378,-0.0009483301614348219,0.0057454150529035915
RAD_squareroot_glcm_SumSquares,32.13601304396459,32.08477806983492,33.06394085601509,32.08477806983492,9.344344246342555,9.819670084133946,-0.05123497412967026,-0.0015943164467669764,0.0053453541486990315
RAD_firstorder_Maximum,184.58394863374372,184.49979924732583,184.76397823427232,184.49979924732583,25.302624884832724,11.50131380579175,-0.08414938641789149,-0.0004558868040298418,0.004281696218848993
RAD_logarithm_glcm_SumEntropy,4.213298948969687,4.214484640832039,4.375029612804283,4.214484640832039,0.529248594764432,0.174736493985369,0.0011856918623518453,0.00028141650442669176,0.003008571264422967
RAD_logarithm_glcm_JointEntropy,4.66556347610484,4.666558236541687,4.845941328078215,4.666558236541687,0.6387946937970613,0.24651826691838016,0.0009947604368472085,0.00021321335395406245,0.0020545931874986815
