,RAD_square_firstorder_Maximum,RAD_square_firstorder_Range,MORPH_CentroidY,RAD_logarithm_firstorder_Median,RAD_squareroot_firstorder_Median,RAD_logarithm_glcm_ClusterShade,RAD_gradient_firstorder_Uniformity,RAD_shape2D_MinorAxisLength,RAD_gradient_glcm_JointEnergy,RAD_squareroot_glcm_ClusterShade,MORPH_BoundingBoxHeight,RAD_gradient_glcm_MaximumProbability,RAD_gradient_firstorder_Entropy,MORPH_SkeletonLength,RAD_logarithm_firstorder_TotalEnergy
RAD_square_firstorder_Maximum,1.0,0.9999909318960986,0.024396479708334466,-0.28720477085843904,-0.29950817800014057,0.2327497402320512,-0.15779783455216503,0.5736040558278891,-0.16470971210619054,0.1640394085293526,0.634136001278613,-0.08581827683674542,0.20620460410470282,0.6282786993033294,0.5421084699444509
RAD_square_firstorder_Range,0.9999909318960986,1.0,0.023352252079956854,-0.28731955822124183,-0.29972688021378097,0.23264844065085874,-0.15858312992702772,0.5735768372135317,-0.16553149962299546,0.16396999424006317,0.6341532563756933,-0.08654732969524997,0.20696128735939395,0.6283535809790627,0.5420745984408143
MORPH_CentroidY,0.024396479708334466,0.023352252079956854,1.0,-0.14409764510525738,-0.13784044802719297,0.12230114070581603,0.034576018869223964,-0.1393509736696365,0.04064124983708562,0.1351876962815539,-0.11505192313117912,0.012169837452637798,-0.08128665074621357,-0.14172108954353377,-0.12023363338479234
RAD_logarithm_firstorder_Median,-0.28720477085843904,-0.28731955822124183,-0.14409764510525738,1.0,0.9822090054184417,-0.878221551600148,0.017901749125433044,-0.09347158751130298,0.011041518341218281,-0.8338107392977825,-0.14984119697651496,0.0025230258897802524,-0.025367621553709103,-0.13550899789617,-0.14121058468884737
RAD_squareroot_firstorder_Median,-0.29950817800014057,-0.29972688021378097,-0.13784044802719297,0.9822090054184417,1.0,-0.9115224893536651,0.029329131500455748,-0.08122162615312817,0.021873418379082556,-0.8854152404480022,-0.1329013492597327,0.011946310319055553,-0.03977055672268157,-0.12020009722994345,-0.12806723597261657
RAD_logarithm_glcm_ClusterShade,0.2327497402320512,0.23264844065085874,0.12230114070581603,-0.878221551600148,-0.9115224893536651,1.0,0.006369209930217953,0.0200589789902151,0.013901834373491143,0.9756641546243039,0.058124468648697726,0.02563369191068275,0.0005218696408909126,0.039921381872666355,0.0903615856525066
RAD_gradient_firstorder_Uniformity,-0.15779783455216503,-0.15858312992702772,0.034576018869223964,0.017901749125433044,0.029329131500455748,0.006369209930217953,1.0,0.07366918870974576,0.9972184936220618,0.01281554714447369,0.06121536289859545,0.9848165188605608,-0.9814812448929733,0.06322154373462098,0.04526467768161662
RAD_shape2D_MinorAxisLength,0.5736040558278891,0.5735768372135317,-0.1393509736696365,-0.09347158751130298,-0.08122162615312817,0.0200589789902151,0.07366918870974576,1.0,0.06551676141232554,-0.04268711606149623,0.9325536199183722,0.1269554160228334,-0.027805553804329364,0.9360411649522611,0.8121213917680274
RAD_gradient_glcm_JointEnergy,-0.16470971210619054,-0.16553149962299546,0.04064124983708562,0.011041518341218281,0.021873418379082556,0.013901834373491143,0.9972184936220618,0.06551676141232554,1.0,0.02123067015924993,0.049276795648822334,0.9875561409711547,-0.9767030067593653,0.05404362011214592,0.041367825646710765
RAD_squareroot_glcm_ClusterShade,0.1640394085293526,0.16396999424006317,0.1351876962815539,-0.8338107392977825,-0.8854152404480022,0.9756641546243039,0.01281554714447369,-0.04268711606149623,0.02123067015924993,1.0,-0.007321654590437875,0.02978227611328839,-0.004123614356337048,-0.025195831146269675,0.029190139347019778
MORPH_BoundingBoxHeight,0.634136001278613,0.6341532563756933,-0.11505192313117912,-0.14984119697651496,-0.1329013492597327,0.058124468648697726,0.06121536289859545,0.9325536199183722,0.049276795648822334,-0.007321654590437875,1.0,0.11758917374399742,-0.01667858024007775,0.9639476578340808,0.7971179151119883
RAD_gradient_glcm_MaximumProbability,-0.08581827683674542,-0.08654732969524997,0.012169837452637798,0.0025230258897802524,0.011946310319055553,0.02563369191068275,0.9848165188605608,0.1269554160228334,0.9875561409711547,0.02978227611328839,0.11758917374399742,1.0,-0.9580903349635055,0.12356278019275704,0.09786536331061635
RAD_gradient_firstorder_Entropy,0.20620460410470282,0.20696128735939395,-0.08128665074621357,-0.025367621553709103,-0.03977055672268157,0.0005218696408909126,-0.9814812448929733,-0.027805553804329364,-0.9767030067593653,-0.004123614356337048,-0.01667858024007775,-0.9580903349635055,1.0,-0.018285383968606413,0.0023437039074245083
MORPH_SkeletonLength,0.6282786993033294,0.6283535809790627,-0.14172108954353377,-0.13550899789617,-0.12020009722994345,0.039921381872666355,0.06322154373462098,0.9360411649522611,0.05404362011214592,-0.025195831146269675,0.9639476578340808,0.12356278019275704,-0.018285383968606413,1.0,0.751678100120042
RAD_logarithm_firstorder_TotalEnergy,0.5421084699444509,0.5420745984408143,-0.12023363338479234,-0.14121058468884737,-0.12806723597261657,0.0903615856525066,0.04526467768161662,0.8121213917680274,0.041367825646710765,0.029190139347019778,0.7971179151119883,0.09786536331061635,0.0023437039074245083,0.751678100120042,1.0
