Subject,Contrast,Correlation,Energy,Homogeneity,ASM,Dissimilarity,Entropy,LBP_Mean,LBP_STD
s0001.png,177.6625097640475,0.9858514951599513,0.6185521891657588,0.6819535653046735,0.38260877582923547,3.8281975318602104,3.9321102035285493,20.050889199365365,6.375144283537987
s0002.png,104.47278876885491,0.9816047544403075,0.9248342346250917,0.941081542926494,0.8553187475009345,1.2685632884990836,0.8776947125693998,23.180075901328273,3.2288526754830045
s0003.png,25.41983485676901,0.9098588598463382,0.9972053904232699,0.9978500464121978,0.9944185955725047,0.1247210126852101,0.03896799832791713,23.97139456418025,0.6961241450448302
s0004.png,36.55852243277131,0.9299682418658092,0.9948428020732696,0.996198947179437,0.9897122056592957,0.17527097628303065,0.06739290121432878,23.933314047992948,1.0108795543644924
s0005.png,48.05478016412129,0.9212359995763604,0.9937972317354644,0.9954664844044406,0.9876329665710095,0.2563750884215698,0.08145776063996174,23.930600811753273,1.032437085452707
s0006.png,147.17944539395597,0.9750763610611786,0.9301221500647605,0.9463769311195123,0.8651275049973519,1.3146556135622554,0.7982660731122695,23.270043031417114,3.1183837671682006
s0007.png,116.41428326407953,0.9732010844508994,0.931238702773867,0.9393261001336166,0.8672058195987642,1.3682443773519628,0.8409118371247912,23.221626869965476,3.319607590234225
s0008.png,156.19332826864468,0.9709380295400132,0.9330007041320653,0.9470847089095051,0.8704906432545649,1.3273624481580368,0.7818020019625219,23.300908275398072,3.0839966410140907
s0009.png,133.98762694230695,0.974918609722018,0.9240793525153674,0.9337547923631072,0.8539232185579783,1.474704875017958,0.9076029255110695,23.11974438368799,3.5018517177074155
s0010.png,176.3279189232076,0.9717457938256989,0.9286124220229888,0.9461670882657486,0.8623213570634636,1.3697964686492536,0.8013942655488131,23.24700395154499,3.144149420793879
s0011.png,166.62058045465605,0.9699038689271785,0.9249952019792085,0.936345051310306,0.8556167126792181,1.5009845526237418,0.8749634560910475,23.11346949003884,3.460943268598923
s0012.png,149.18533349108696,0.9730541863985294,0.9320253767508244,0.9442797348876448,0.868671550310697,1.2529327276429865,0.7977835757852738,23.19623878945913,3.2467699075835896
s0013.png,146.1866234347865,0.9763577276512581,0.922469746026398,0.9368727785521986,0.8509509048700487,1.4118305815101213,0.9014240188221959,23.111721611721613,3.4209606221319793
s0014.png,123.07523113727072,0.9796639134247992,0.9270981044371452,0.9425235892479963,0.8595113081327725,1.1915232955963435,0.8438677889364957,23.19395808289343,3.226873432503267
s0015.png,184.1696874723012,0.9698310159277315,0.9290439242907986,0.9442771751632967,0.8631229483425961,1.305271762944935,0.812086856909581,23.19188921859545,3.260747667884138
s0016.png,193.68775291282526,0.9744164628635594,0.9044689963461116,0.9247563822422815,0.8180646878442974,1.6914916937682423,1.0754175768302179,22.95920359845183,3.6821649756677823
s0017.png,129.04684993941348,0.9664169524122584,0.9596709329693274,0.9718182641978504,0.9209684385247378,0.7716916308923569,0.46635370252008224,23.575103860573513,2.3754363053870224
s0018.png,164.34149470748275,0.9754157574692092,0.9101649400262121,0.9253263234648507,0.8284006967440838,1.5719460029740173,1.0349307970253023,22.94385653409091,3.7111413305922016
s0019.png,156.65409844273074,0.9705720263976308,0.9299407250245749,0.9411213625298782,0.8647901489565482,1.4105818422675434,0.8250086873908328,23.164346384447676,3.360275560027799
s0020.png,117.47208969659843,0.9807376869257686,0.9143863890511651,0.9252977190013697,0.8361029571104085,1.471283354151394,1.0169627375937595,23.043556851311955,3.6254241777124876
s0021.png,171.99419240406172,0.9671571235559236,0.9378146225616093,0.9525385454614962,0.8794965842461115,1.3003876249414368,0.7195876649738653,23.314969445839612,3.021527109714608
s0022.png,163.70522442208872,0.9729320516943454,0.9302348907427213,0.9465128866689332,0.865337333129429,1.2954923146547523,0.7900736795384196,23.24842801985659,3.144568507370946
s0023.png,112.86770781777508,0.981785949553492,0.9145336466875966,0.9271466010647387,0.8363721446075705,1.3246892706414917,1.0095188125164647,23.026469805799415,3.603059562650619
s0024.png,211.63950635126358,0.9514231725282588,0.9422610466318457,0.9506428375910936,0.8878566107452941,1.577351142161234,0.6851639185468046,23.344030077472276,3.134638247378458
s0025.png,158.73646969513737,0.9715123992786319,0.9215517209403441,0.9352377333800318,0.8492581400742026,1.5002883260441795,0.930479799754864,23.09909385941444,3.4201139515463597
s0026.png,197.058373079744,0.9668627325237834,0.9344699843889439,0.9535127528768355,0.873234401357825,1.3338635218207813,0.7242553171139446,23.308477452521775,2.962620186613107
s0027.png,59.34040078089431,0.9528762108466693,0.9859672863182323,0.9880709905146037,0.9721315386450877,0.391710989925918,0.1840119773774078,23.840212463134417,1.5788608843489143
s0028.png,161.34968249298527,0.9756005837932014,0.9154117795602218,0.9339626672351966,0.8379792101462915,1.5323932173244414,0.9688534287286281,23.058852081058124,3.519585789986786
s0029.png,38.325254631405876,0.959471542153451,0.9907204777115798,0.9933841951762532,0.9815270901780727,0.2531065804890512,0.12148154702538104,23.89756167941134,1.1833705312874483
s0030.png,163.2614243358804,0.9649422440808373,0.9426610946043087,0.9529759673725596,0.8886102864887032,1.2422502866133964,0.6842951911816338,23.3566341808068,3.0292702447288047
s0031.png,179.45416273347018,0.9767554268840859,0.9139552075288726,0.9412761174441926,0.8353144093685717,1.452502248613051,0.9209061275206094,23.0958736113115,3.3263287338972654
s0032.png,49.14477820132429,0.9202965853350428,0.9907167043068408,0.9914240736258174,0.9815196524479584,0.34783808644545433,0.1315323528777074,23.88969231103294,1.3600319971242978
s0033.png,168.98600759607524,0.9768422839083071,0.9073128572165132,0.9240675749583702,0.8232172432805008,1.5210111788857774,1.0458561669040132,22.914813844981907,3.7577877661030805
s0034.png,0.0,1.0,1.0,1.0,1.0,0.0,1.0165097605458279e-08,24.0,0.0
s0035.png,37.875515217865775,0.9219332678765356,0.995375150040512,0.9966203833939047,0.9907716972384147,0.17958573994245017,0.06089249445749856,23.945307336417713,0.9284945585326133
s0036.png,167.09941207547206,0.9674892691445218,0.9372454873068518,0.9468953663288348,0.878429473199417,1.3158291259794825,0.736528858992769,23.284885620915034,3.191874507569414
s0037.png,83.97111906972216,0.9607384729232875,0.9775007689509634,0.9824793982567198,0.955507893041962,0.557071253228659,0.2790670894789211,23.727561360794894,1.9538632222724852
s0038.png,119.54793636076084,0.9744242863034264,0.9442646373958894,0.9585766759519944,0.8916359791557104,1.076437878320772,0.6506564595644363,23.40396990085728,2.8002010932779116
s0039.png,136.9359818307858,0.9517537165691577,0.9535656847608719,0.9607297957446007,0.9092878291360588,1.0826862596559388,0.5697326889320301,23.481640898499823,2.79332467237692
s0040.png,191.20677700108266,0.969063447080515,0.9270798561332527,0.9428872693177485,0.8594773877367157,1.4419948908780176,0.8304254529624078,23.206043956043956,3.249669772591325
s0041.png,44.36187114520115,0.9322713794327059,0.9915625578835295,0.9923755833481521,0.9831963411478606,0.3013954898948852,0.11870232888526941,23.901663974758666,1.2606638313776248
s0042.png,73.35659033215377,0.9520266533172435,0.9824880396412666,0.9851070980049629,0.9652828429065139,0.49441343779496694,0.2294399047329372,23.785606244766768,1.775609795477834
s0043.png,82.30310511300155,0.961887512188218,0.9716682387131735,0.9762735711961683,0.9441393340357918,0.635272827573379,0.36806707940451944,23.65905808315279,2.220227490690944
s0044.png,194.91475706843988,0.9756353558333373,0.9009440753115258,0.9212978075391218,0.8117006317599015,1.8001264665892416,1.1036494748739276,22.896539630582183,3.775743713660263
s0045.png,164.89980426456205,0.978048797893165,0.9103613732473687,0.928586083916672,0.8287583416351649,1.458794940194842,1.0078454213235695,22.99827655669457,3.6089138989871636
s0046.png,138.47865223952527,0.9500604629583462,0.9666796598909806,0.9749869478549926,0.9344698592868251,0.8898378866049422,0.40842637706948287,23.633602272156036,2.282879797089071
s0047.png,48.269963798332554,0.9308582733466754,0.9921299128383293,0.9937785610734644,0.9843217904313964,0.2649446880190792,0.10910276251314434,23.90684760956175,1.2024161941144955
s0048.png,157.44992574111777,0.9661462963320648,0.9471141855670828,0.957691336636109,0.8970255751512484,1.1379195439201777,0.6210094452737647,23.41602697731453,2.839923947696843
s0049.png,211.26739066718682,0.9700463597600077,0.9076295091405714,0.9285557971983706,0.823791789249444,1.7110980042176507,1.0411857200458574,23.023520084566595,3.6083877375328415
s0050.png,52.988960247954154,0.951791524502042,0.9844889778513208,0.9864525168977801,0.9692186124924607,0.3984202485691623,0.21575176255510356,23.820378151260503,1.6766840962830383
s0051.png,46.10285834133675,0.9621859805458748,0.9858490695014931,0.9882864674459819,0.9718984298349367,0.34376435509112824,0.18963361728182312,23.83609069390806,1.5775870594384775
s0052.png,161.11138138839218,0.972145151380755,0.9339539040889323,0.9523937927762729,0.8722702455437934,1.230331243532131,0.7430222359587452,23.30949806949807,2.9733634963886444
s0053.png,144.71552963164282,0.9783126093304004,0.9230321073211509,0.9424570968644148,0.8519886279955751,1.281612459497017,0.8642993278589974,23.16840820923539,3.2123652033500187
s0054.png,136.0428083881544,0.9535861150427579,0.9620510434966423,0.9669284774302046,0.9255424048564462,1.0500581285425796,0.47443993980268706,23.55769403824522,2.560189038115514
s0055.png,102.64004543938158,0.9732571645261322,0.954535868581077,0.9634255470942136,0.9111389296056184,0.871595904852853,0.5549516829992888,23.48837849936297,2.6300521623738873
s0056.png,184.81566635163387,0.9668165689998588,0.931003548847691,0.9431740893440425,0.8667679775695516,1.4713262961648916,0.8069701150724362,23.237874575223973,3.290245296467896
s0057.png,154.60416614577565,0.9731041961941025,0.9311737849187348,0.9445102448747995,0.8670848729692828,1.3118995569323886,0.7975008363072553,23.221794256284916,3.23030767922068
s0058.png,145.10744588808254,0.9742184841406855,0.9343923992933187,0.9482522160716608,0.8730894741349193,1.2141764569568456,0.756454166982456,23.2607882813531,3.0901918894472695
s0059.png,108.16646158749498,0.964667262758189,0.9588672806240388,0.9643864744168308,0.9194266599864144,0.9437515530652323,0.5135774297202584,23.504690797320855,2.6364107315382297
s0060.png,0.0,1.0,1.0,1.0,1.0,0.0,1.0165097605458279e-08,24.0,0.0
s0061.png,164.42438749611645,0.9768085387050507,0.9151221304006767,0.9328872234574829,0.8374491541065185,1.5589536520437175,0.9564466002953851,23.091508103484152,3.492923347543161
s0062.png,54.58177931775019,0.9431154155937789,0.984817901011269,0.9860121605117877,0.9698663895933121,0.4513305892828271,0.2101984857544062,23.817323633902895,1.7174199485031143
s0063.png,161.33308799125422,0.9779358650471004,0.9119480901521652,0.9287630352334109,0.8316497338026196,1.4580390291642662,0.992668210358903,23.019683193229255,3.597097508358576
s0064.png,0.0,1.0,1.0,1.0,1.0,0.0,1.0165097605458279e-08,24.0,0.0
s0065.png,0.0,1.0,1.0,1.0,1.0,0.0,1.0165097605458279e-08,24.0,0.0
s0066.png,61.40493605903246,0.9306257733352366,0.9854361630643664,0.9868473842627206,0.971084528474295,0.463736534766519,0.19949849913965112,23.823727392502096,1.682139683814521
s0067.png,35.36877948309119,0.9321411247706843,0.9909603559835599,0.9917046664254707,0.9820024788930058,0.27495935821927553,0.13043308276905505,23.89251298481458,1.314408051617974
s0068.png,113.4048262846592,0.9766988965404433,0.939094836561719,0.9493173599867435,0.8818994299629991,1.059314092397831,0.7310134613709242,23.315172655060294,3.061360495218666
s0069.png,136.56298976872242,0.9645732316561432,0.9525363923498447,0.961200390621423,0.9073259189093721,0.9902246305203078,0.5725398327550756,23.471778298648104,2.7810778926776294
s0070.png,141.63493441573908,0.9736555673725882,0.9334589261299893,0.9484264800094571,0.8713459078647945,1.2489748601759176,0.7763191090616901,23.281127325482164,3.0950879757132723
s0071.png,128.17172247728303,0.9668412065081782,0.9508373566057517,0.9579996590628634,0.9040918664071455,1.0063966861982436,0.5973124717593308,23.43523227013092,2.853468400763273
s0072.png,95.86573383976925,0.9539716307150022,0.959404630654136,0.9655181859204626,0.9204575333352061,0.8692677065447876,0.4967389093439198,23.52825061648591,2.65762361982747
s0073.png,0.0,1.0,1.0,1.0,1.0,0.0,1.0165097605458279e-08,24.0,0.0
s0074.png,63.0074674777733,0.9673220799620754,0.9735185396673796,0.9769993058493929,0.9477385110392242,0.5916151585002238,0.35231447898356,23.685940735950783,2.0846464988143087
s0075.png,196.02413678132763,0.972560285026004,0.9152076163553455,0.9309415395043827,0.8376055052117077,1.6144779536258222,0.951291334344447,23.0668356191612,3.5293133577781926
s0076.png,164.93972141871404,0.9733767900608759,0.9259209972201692,0.9392744159954931,0.8573301239630762,1.4610113209278581,0.8492450844896977,23.22228607918263,3.3138757341419005
s0077.png,147.1296410249352,0.9771009570769726,0.9230581942241569,0.9421849700876295,0.85203676675723,1.373497692356398,0.8627746156677731,23.18013416419791,3.205098446497098
s0078.png,202.19600402287946,0.9720198528698706,0.9145280876492231,0.9342257625176185,0.8363622331290266,1.6483229284609884,0.9471341697077912,23.065321695633312,3.4644968848648356
s0079.png,0.0,1.0,1.0,1.0,1.0,0.0,1.0165097605458279e-08,24.0,0.0
s0080.png,187.19844546047057,0.9662352454062159,0.9294663493268683,0.9444759489472248,0.8639081622325004,1.404275215944324,0.8170041848630505,23.19740703961161,3.2733921920964897
s0081.png,27.2868657261241,0.8683526308536664,0.9979314199536375,0.998416135292655,0.9958671223961553,0.12062741203041924,0.02784238958625256,23.970607943469787,0.7165977430445281
s0082.png,94.19886153457175,0.9681961354421527,0.9654973133292708,0.9716375146577813,0.9321852020000341,0.7366280690164209,0.4322224125908137,23.602350858880392,2.3379499652388884
s0083.png,97.4117301975319,0.9546114818718847,0.9790917250765695,0.986286970779798,0.9586206599004972,0.5290019221182466,0.24576922747573374,23.790884780839438,1.6891181215937532
s0084.png,48.43506844533967,0.9426058619617738,0.9892407518155357,0.9903012219192547,0.9785973439795899,0.3471226919633316,0.14849880684845657,23.87391812574612,1.4244497539519507
s0085.png,43.254022270601745,0.9689729043580793,0.9857313100107357,0.9912698183988442,0.9716662372151955,0.30582047213271263,0.1762246674398339,23.86370012468828,1.3237622882754796
s0086.png,32.322797933238704,0.9312695559424568,0.9953342861037242,0.9963128075735952,0.9906903459530486,0.16027432259509478,0.06372168968105935,23.940328475929398,0.9678800709274986
s0087.png,163.9388938724707,0.9709630863389394,0.9297524950472648,0.9435955230158556,0.8644401803869884,1.3848442073968839,0.8206822918257279,23.219478076877866,3.226253545688484
s0088.png,260.8488716527271,0.9678931607175714,0.9043787723323927,0.9249304803915451,0.8179016455752566,1.9564464173845921,1.0358186574603816,22.999466606776902,3.6325420853423656
s0089.png,142.07195450743586,0.9759449599729996,0.9297563325923728,0.9466328286758633,0.864447155648913,1.23477593802842,0.8074812475108004,23.22355147043838,3.1574334548138734
s0090.png,140.48290674824023,0.9781601492306398,0.9238676242705629,0.9409268123452538,0.8535317197297557,1.2686855744945187,0.8661843437037792,23.156228771887136,3.273898557623789
s0091.png,126.05414045329151,0.975473979129925,0.9374672616826041,0.9531520085609322,0.8788451263042549,1.1234093177617162,0.7266751990029098,23.31327827506058,2.967054854369007
s0092.png,150.4594152359129,0.9750504714604722,0.9265639610733964,0.9436150257871465,0.858521152214907,1.2727979263943574,0.8426011367128912,23.209912232182923,3.2778885168465366
s0093.png,86.27235304250672,0.961091248039519,0.9761223605785297,0.9821226685148713,0.9528149308098713,0.5063197347334553,0.30210887358706173,23.741940005606953,1.9119548090867289
s0094.png,101.20684461873802,0.9506374256379582,0.9749047048613501,0.9797805369626692,0.9504394479043744,0.6413956870771731,0.32071935271307117,23.698083489635934,2.0587589970766733
s0095.png,0.0,1.0,1.0,1.0,1.0,0.0,1.0165097605458279e-08,24.0,0.0
s0096.png,82.67106462893422,0.9543939419814633,0.9807633165465337,0.9876227006372666,0.9618968281271484,0.49974591771780674,0.23400131459044607,23.811106336246002,1.5946889462001488
s0097.png,124.50833038227375,0.9728878033367826,0.9412693510282966,0.9523490516210781,0.8859882864823974,1.2023006941425787,0.7023010438007037,23.360308364595788,2.913788576034606
s0098.png,202.86079810254685,0.9647295417644692,0.9321968305417501,0.9441791804217893,0.8689913320994662,1.4946781893619323,0.7797263433492587,23.239942843314626,3.272590429809294
s0099.png,158.26187048566973,0.9731469127447108,0.9264683222188536,0.9382317228595356,0.8583438954410053,1.3558495400356185,0.8587030123999216,23.165601633051544,3.3888382824053545
s0100.png,68.45260077688084,0.9651019188288049,0.9697828001172069,0.9738543509640029,0.9404788930367092,0.6506837849395826,0.39138427223018546,23.643868196827302,2.261289793100975
s0101.png,182.78444135632935,0.9654162537940668,0.9354104779535102,0.9474087349881238,0.8749931911554086,1.280964021947073,0.7573335142763176,23.2569787728991,3.197785882086833
s0102.png,213.9827306462258,0.9668736065491702,0.9221001178776129,0.9400804117173105,0.8502691661891386,1.5380397550601455,0.8787227388649322,23.12513450502152,3.400609896536506
s0103.png,143.8900308955918,0.9481545430850953,0.9669484833779203,0.9755671796969901,0.9349895308192159,0.8596158335869707,0.40216582161711223,23.662323962807896,2.1961647960772406
s0104.png,127.74832661767527,0.9729461532485761,0.9508594595175979,0.9681276258512327,0.904133881796315,0.9321984736825419,0.5455018812693181,23.5185153486249,2.4645474954055357
s0105.png,159.16460845773648,0.9581389150461845,0.9523913774127227,0.9579940162178234,0.9070496961944488,1.3355338689294711,0.5778423588508149,23.47404725609756,2.8311048562560264
s0106.png,141.3165075057862,0.9774562100350579,0.926168882493853,0.9436286121903712,0.8577890962615103,1.3243499244287786,0.8353235188589806,23.195421736440505,3.1853389904254006
s0107.png,241.705502397118,0.9614192032853779,0.9248948126450595,0.936882313490892,0.8554308085197907,1.69328148547455,0.8553977638243148,23.237998608534323,3.3696851895148767
s0108.png,114.84683064225126,0.9635592521243044,0.9618794923403295,0.9678073546520283,0.9252123830559491,0.8399243903071862,0.4726364867300769,23.568465180508976,2.5189707978206304
s0109.png,177.60972031637237,0.9788085310392736,0.8587578480946515,0.8851909148089951,0.7374656573712769,1.9260836276184232,1.6206654397242117,22.541344400427594,4.32599831504216
s0110.png,38.64882309494135,0.9482119372931779,0.9908604890068001,0.9918153309083267,0.9818045685867682,0.31018515294577137,0.1277153376777112,23.895232453270616,1.2638719369708036
s0111.png,16.77933692776231,0.9035458546533125,0.9981932604414763,0.9985610794088221,0.9963897862980603,0.08674949030211841,0.02604412823991535,23.975438630922007,0.631231138691152
s0112.png,132.25526574023732,0.9762306367645013,0.938272337950455,0.9550913632142298,0.8803552663367007,1.165734409362152,0.6914434780820956,23.356119359654944,2.8704349961935005
s0113.png,165.37303362352725,0.9713420270629405,0.930994109764506,0.9443266462932365,0.8667503940008396,1.3022753515867325,0.8017357371021012,23.21608669108669,3.267746026207171
s0114.png,114.53789353565679,0.9763242217007041,0.9442196498254638,0.9603869661354703,0.8915508925758902,0.8943211983940041,0.6471223880718565,23.43057354390984,2.7045975778098166
s0115.png,31.627282956464537,0.9369350866726174,0.9942509117887243,0.995242854130976,0.988534884452785,0.18766140942452966,0.08199881805957614,23.927492501391956,1.0513794597567658
s0116.png,55.435650609339,0.9668581764746818,0.9778252616630725,0.9809517371867856,0.956142290679405,0.5135202662905594,0.2962476618499945,23.745054554079697,1.931040873145904
s0117.png,200.39093623359545,0.9719025227079852,0.9187026091062171,0.9409202756258703,0.8440150463127085,1.4699711640661481,0.8947019909218975,23.132460545193688,3.331658120931025
s0118.png,40.33429143061303,0.9627925295739582,0.9880920632815694,0.9899786564658603,0.976325949996566,0.28474979990693666,0.16308261317415237,23.86923147009248,1.404234680135708
s0119.png,47.012654236892885,0.9673439815127706,0.9832683705349653,0.985860865814876,0.9668167720458066,0.3855617159364165,0.2256355840023578,23.80157867984891,1.6934820750707944
s0120.png,79.21693450189653,0.9700814537354377,0.9723984334869147,0.9797985560475645,0.9455588688629752,0.5869902302321102,0.3349471334536496,23.711300977178865,1.987365403061617
s0121.png,93.59803295485486,0.9477574627682434,0.9776893299338574,0.9807346066481165,0.9558765594168128,0.6501482242359928,0.2895035556768917,23.73537892559393,2.004029697896328
s0122.png,77.04540417871641,0.9773351414861206,0.9660631383635108,0.9793790208429611,0.9332780722077817,0.5409082567181913,0.38432657719106567,23.67494216787839,2.0095671282445737
s0123.png,147.6353125281726,0.973254860895804,0.9307900314009986,0.9407777679898938,0.8663703895017042,1.3169291136906076,0.8130330194633028,23.224943399512366,3.322420943647258
s0124.png,101.65874361421456,0.9715054035498863,0.9606245659581172,0.9729796443443705,0.9227996658890834,0.694023237525069,0.4667873137785701,23.608607079195316,2.2688453436309755
s0125.png,159.7617253746683,0.9706143281108541,0.9348935088964716,0.9451528638096289,0.8740261199914112,1.2566237948903898,0.7602025288580109,23.275782798256046,3.2138140895776153
s0126.png,35.27476032591893,0.9250516112705902,0.9933612959786506,0.9940955936383618,0.9867666801393363,0.23177987679568085,0.09585355230705961,23.923757564643317,1.129634103939961
s0127.png,86.54946070691808,0.9728657403405128,0.962744218186947,0.9703441601472477,0.926876532233992,0.7444785366960579,0.46139273396895636,23.591160220994475,2.352990478959394
s0128.png,73.11236595504707,0.9623784320629599,0.9807401735131047,0.98627784241934,0.9618513673458757,0.3916264902218036,0.23711220127274663,23.764157014157014,1.8311264229477475
s0129.png,168.3249423620782,0.9745705441494333,0.9224858298593166,0.9409109303482034,0.8509805258077711,1.3825034189431071,0.8740968355133499,23.155207624234173,3.282561068283794
s0130.png,141.41165382401746,0.9754881653251577,0.9276334857834062,0.939750218214132,0.860504306903905,1.2837639054056593,0.8508735882107177,23.165491553876823,3.3424249663309444
s0131.png,94.12737790262736,0.9225776553309383,0.9875891432339581,0.9907039594483499,0.9753324012471759,0.45749063623103126,0.1560338289861304,23.86137451065681,1.5087565284334699
s0132.png,133.84721895740591,0.9751654802393191,0.9364612199274258,0.9512946663487849,0.8769599429752608,1.1891997924038062,0.7316210760764225,23.332894145203962,2.938906455930679
s0133.png,123.36693140911792,0.9628531146854373,0.9610330167261735,0.9679316401355267,0.9235846216215258,0.8484245498587781,0.4810544785461961,23.545796050140495,2.5458215748003177
s0134.png,145.183803443694,0.9780482836769713,0.9197626353978695,0.9361925101778974,0.845963707845291,1.3520567497978493,0.9170873387495262,23.136843943760372,3.3744115306078966
s0135.png,146.95737895713933,0.9700668437447795,0.9380406331618796,0.9504000395894004,0.8799205518622248,1.2657153778462797,0.733899502235053,23.29566128694194,3.0897440976736466
s0136.png,111.55523117787244,0.9767291100110482,0.9404205376845611,0.9497319558996343,0.8843909903483695,1.1058628523092493,0.7172339964054824,23.32830531576556,3.039194876604362
s0137.png,118.78017236633508,0.9584633799169352,0.9739713411611498,0.9874990255565324,0.9486202661151271,0.5601409304233244,0.27022825611614065,23.773520773520772,1.671790359509594
s0138.png,205.86653882876726,0.9703964616893036,0.9192830396334744,0.9340992005854675,0.8450818562740697,1.6718339546508934,0.9022747310046888,23.123395167195508,3.493054846884738
s0139.png,196.75715836251402,0.9665928054585877,0.9284005659752499,0.9445977160430012,0.8619280482996512,1.569763787634124,0.8167806934082542,23.22044140830268,3.2026656283132393
s0140.png,140.84526225104742,0.9758227106209386,0.9297525048230865,0.9427770620950457,0.8644400983407123,1.3056678386803755,0.8144799095050116,23.20192348118562,3.218152358694782
s0141.png,49.924536715359494,0.9164536064371351,0.9945980146323721,0.996458987458636,0.9892252312795355,0.22254363477630706,0.0671391139406915,23.94471694716947,0.9473965855093625
s0142.png,0.0,1.0,1.0,1.0,1.0,0.0,1.0165097605458279e-08,24.0,0.0
s0143.png,69.92863908348978,0.9594895690525974,0.9840273154468356,0.9904417984140803,0.9683098041772517,0.3531681012302895,0.18722706404829986,23.84242293079402,1.4303630574303474
s0144.png,137.76693624690162,0.9727721150082942,0.9390459542221335,0.9530378605765153,0.8818076013735392,1.2446651821039474,0.7091904108202916,23.336584185498463,2.9409466886973803
s0145.png,91.79665058257939,0.9710844605924891,0.9606493844021224,0.9670152722598916,0.9228473940633619,0.7568331635793224,0.4939073439844518,23.530373419582475,2.5432442806125626
s0146.png,116.83608256164669,0.9531791439197336,0.9709427251386407,0.9764661403894684,0.9427300001667867,0.8210219475398683,0.36166468126084966,23.690289895213034,2.179058419416415
s0147.png,15.993107528739056,0.9043069613303926,0.997634336846204,0.9978721887266666,0.9952742730168256,0.09718407920467385,0.03556381404517248,23.970751179642736,0.7057483415068909
s0148.png,37.22742233354221,0.9626147130799931,0.9884239546444893,0.9900049424124763,0.9769819836536249,0.31264513183949827,0.15997151151353822,23.857178098243377,1.4416836417745655
s0149.png,42.851066808848884,0.9678323245483258,0.985499805087041,0.9885131613765006,0.9712099279981184,0.3418119887954017,0.19436769772079823,23.825109834403516,1.5649514188391724
s0150.png,148.0004000882069,0.9747329218751232,0.9292236507544662,0.9420112539647116,0.8634568868338279,1.2803545068289741,0.8224996324973952,23.18996769943474,3.306804899216601
s0151.png,181.41334815329355,0.9727006957898989,0.9237090620113336,0.9414271419264311,0.8532387893400973,1.3410147997448896,0.8591274655822511,23.14193835274723,3.3712558118412037
s0152.png,98.59377847320127,0.9619993553087218,0.9726228185924681,0.9814323836972578,0.9459952288976736,0.6273625105155228,0.32855830044156664,23.73947412388789,1.9081799013374412
s0153.png,13.129238435742586,0.8146496631974045,0.9993374352964206,0.9996226192051647,0.9986753099398034,0.052673815472587975,0.008175820761294677,23.99150127329318,0.40157452864174253
s0154.png,23.211742352109837,0.8853439890990632,0.9979530928081257,0.9983885024038117,0.9959103775929574,0.1076451669045955,0.028415247672903057,23.973916299192943,0.6610609987336079
s0155.png,101.78017398837002,0.9689606922804697,0.965605318587936,0.9757429555965168,0.9323937290161142,0.6878452754527309,0.4087642799827656,23.63509792294508,2.195372378523712
s0156.png,24.73865182339754,0.9607194430925781,0.9860266998540944,0.9898575721408598,0.972248691734036,0.23168444058453724,0.17980811945104272,23.83343076360979,1.5497861004596942
s0157.png,13.026087230300046,0.856027100147667,0.999091113435726,0.9992834650514814,0.9981830533697416,0.05762162987403674,0.012921064621009573,23.987089010730507,0.4777269162577414
s0158.png,140.51277528318974,0.9690328328397281,0.9449621010608799,0.9544966574411708,0.892953589882766,1.121960989408229,0.6583042700743291,23.336967154316024,3.01965535285799
s0159.png,153.2786433986836,0.9695123266234079,0.9407202342184187,0.9522578450652407,0.8849547634150574,1.1919074174722102,0.695119779226939,23.345710219427747,2.993377876435434
s0160.png,81.23199137493766,0.9405228231042594,0.980019221645126,0.9824209668739362,0.9604378088352125,0.5756249115748568,0.2681874024918458,23.773551804038398,1.8974991924097444
s0161.png,122.35564907759858,0.975143501801367,0.9391099315104436,0.9511307454740002,0.881927700798198,1.1920653521639188,0.7178985803640789,23.31797619047619,2.96126485728458
s0162.png,0.0,1.0,1.0,1.0,1.0,0.0,1.0165097605458279e-08,24.0,0.0
s0163.png,63.41939732662295,0.9380880211830145,0.9855961241534148,0.9870451317718874,0.9713998208542725,0.44985781914595946,0.19361073758085695,23.82730794445438,1.6295736591201704
s0164.png,55.7023510360617,0.971706212289101,0.9733352853877217,0.9768139263449409,0.9473816625067613,0.5395842586427133,0.3564155127825404,23.691717514124292,2.1190876646262704
s0165.png,43.43123922871988,0.9383960660629151,0.9926816860900515,0.9941245887021871,0.9854169568696552,0.251618341416477,0.09938295877023481,23.913484692122463,1.1408323031553016
s0166.png,27.42883408435854,0.9307678918115377,0.9946253322266032,0.995264767915882,0.9892795723602031,0.18063133070777285,0.0774253156719285,23.930714112217633,1.0399267007020196
s0167.png,54.83251158698056,0.9685293469056027,0.9780315163058184,0.9813506832991056,0.9565457851317631,0.49424502296862216,0.2922947051134069,23.728526427162986,1.9465498687578031
s0168.png,49.22328717436708,0.9413385470728455,0.987044385004872,0.9884728411159079,0.9742566580983072,0.3728829686785722,0.1781420160229779,23.856645434070717,1.5041507169055301
s0169.png,21.75474537242416,0.8691137587127186,0.9982361050700734,0.9984832853446324,0.9964753283544243,0.10500911243139409,0.025276201518752636,23.977940680009645,0.6370488258465644
s0170.png,190.58541249593233,0.9723142796846497,0.9172744567366249,0.9353748851743591,0.8413928694812709,1.5293101172768493,0.9324232037096136,23.078547316959607,3.458653737982336
s0171.png,45.91743812502553,0.9729450212542365,0.9814516003593733,0.9862468272433702,0.9632473146616249,0.36483212116369157,0.24191451582845155,23.790069633666363,1.6682157066105892
s0172.png,70.38776960719753,0.9656405858764034,0.9756105154861373,0.9794514870883104,0.9518159956468824,0.5423825866286478,0.31753735120463883,23.708049032053317,2.070987945007657
s0173.png,34.72367885691536,0.9239786095725652,0.9952978412764786,0.9970204794061893,0.9906178086747588,0.18760613491081732,0.06031456825710545,23.954773638968483,0.8016997471480843
s0174.png,168.6698534856298,0.9713608863494705,0.9298275828628559,0.9461120225858268,0.8645797180317207,1.2832769805213058,0.8044129910280825,23.218485016708573,3.226058884930061
s0175.png,0.0,1.0,1.0,1.0,1.0,0.0,1.0165097605458279e-08,24.0,0.0
s0176.png,54.651874157800464,0.9445170484971419,0.9865941284086531,0.9880773597728277,0.9733680681094504,0.42177555509233033,0.1858604684067126,23.833266645326503,1.5877643411526765
s0177.png,19.050065375762326,0.8886749775546581,0.9973012376682522,0.9975048362826938,0.9946097673559481,0.11821227522180772,0.039799117924356246,23.9665099750343,0.7582735791439843
s0178.png,0.0,1.0,1.0,1.0,1.0,0.0,1.0165097605458279e-08,24.0,0.0
s0179.png,222.80804141125301,0.9590925490200627,0.9345828164363799,0.9484696268243432,0.873445435432459,1.4700620668362832,0.7505018474360942,23.277875124764336,3.206603548927511
s0180.png,27.057394578698997,0.9411606413650208,0.9929779562069507,0.9941037952188131,0.9860052456817627,0.19286586653113613,0.09908340798809452,23.911301907968575,1.1692948702478043
s0181.png,164.6596182985757,0.9751478296139421,0.9184274455359869,0.9320134608544116,0.8435094807660416,1.4954915377014288,0.9363486217242318,23.098032617717656,3.520818001183814
s0182.png,105.37892345693571,0.9734841057364604,0.9557751102261508,0.9658529316776852,0.9135061964102532,0.8036082302423232,0.5305570188659672,23.503248281706053,2.584166259362724
s0183.png,146.92698678418765,0.9602556523503718,0.949922834616507,0.9564069287289138,0.9023536939147077,1.2166449420994485,0.6169728834710264,23.412471777228255,2.9126699429425518
s0184.png,147.7975608940816,0.9689674595351376,0.9403033414223708,0.950390694864664,0.8841707039676521,1.2391764708628306,0.7156292262902815,23.303862340483303,3.0556087724214045
s0185.png,179.64707934065805,0.9693729019859347,0.9331206243868494,0.9535317236597166,0.8707144250153142,1.2581744979977216,0.7484715922426587,23.30257681187049,3.004810997906042
s0186.png,35.43745343163438,0.9451716440781065,0.9944554563598974,0.9981047335928718,0.9889416603646903,0.1591527829607806,0.05977439762303456,23.960272654661633,0.6971863276769639
s0187.png,14.826535190849341,0.8482333674926428,0.9988426081934241,0.9990293518750212,0.9976865568851544,0.06996943001225107,0.016334527905214044,23.983540133698842,0.5470951173378537
s0188.png,162.330837257518,0.9568190209242765,0.9551940805512965,0.9639071896472797,0.9123959366368124,1.0590441021014831,0.5409785655689754,23.4697400308438,2.751113607896019
s0189.png,38.845765749592005,0.9393067026912665,0.9936732965872475,0.9948938185002218,0.987386641721338,0.21592332889390287,0.08565649670800579,23.92922659995831,1.0702519902509868
s0190.png,38.009575022504464,0.8964236844582025,0.9959604919383929,0.9966110637451229,0.9919373217857153,0.19535328591485956,0.05646638657609819,23.949030497553704,0.9260326699527137
s0191.png,145.3476149416132,0.9691217338497645,0.9431306922275169,0.9527552084738129,0.8894957403826408,1.1966674894801472,0.6756279535087517,23.35260438486245,2.997696330609053
s0192.png,130.51647126022954,0.9741667014726845,0.9420227016930738,0.954845978500939,0.8874069870670487,1.0624697617011716,0.6773712126535598,23.34009276437848,2.9400432882611294
s0193.png,51.53330522152464,0.9055293484908912,0.994877364689046,0.9964625166502238,0.9897810037046235,0.23737866179295702,0.06401651631475876,23.94791949344188,0.9026076424227931
s0194.png,115.1868300355085,0.9681979711737734,0.9606195155152664,0.9705486653560673,0.9227900035051458,0.8324310897649783,0.46779177845093434,23.55508988764045,2.3955292963973
s0195.png,49.97533168822531,0.9197709183681809,0.9928472920869202,0.9938658245595368,0.9857457872377575,0.2828316666186641,0.09822633244751972,23.919849209801363,1.1663834435220028
s0196.png,21.858121961227123,0.7797171888051982,0.9990409827001587,0.9993823809346605,0.9980828865780884,0.08799336714576832,0.011516733567317009,23.988112406496395,0.48214309107774767
s0197.png,0.0,1.0,1.0,1.0,1.0,0.0,1.0165097605458279e-08,24.0,0.0
s0198.png,102.31364267306115,0.9472747043527042,0.9790993124033214,0.9837285789144681,0.9586356099655882,0.5714965207049497,0.25822236223772155,23.77248443779056,1.8826261205812809
s0199.png,94.68084442250189,0.9680424208184885,0.9708175008122795,0.9819488978641825,0.9424867181225987,0.5526962568776534,0.33595351143300467,23.713599725604528,1.9142273262385874
s0200.png,172.84436838617384,0.969809793559327,0.934209264871298,0.9497752490070897,0.8727473277984982,1.2998774485304565,0.7528600735447251,23.290332850643416,3.0843450721775705
s0201.png,71.96377343647316,0.9310364777952577,0.9896750576242849,0.9921365643795965,0.9794568063232385,0.36405229131206374,0.12847197535018212,23.885362210604928,1.2990082546958832
s0202.png,282.6932843809416,0.9619758429568748,0.910657753398235,0.9282040142383294,0.8292982752890684,1.9259546185110687,0.9904615869570077,23.0412965756103,3.6939938864698134
s0203.png,205.9760325372099,0.9726792880442268,0.908623295538197,0.9263909085378104,0.8255967759673977,1.5754132781417354,1.0202976531766403,22.92935038628227,3.7574923158868705
s0204.png,195.67630690539883,0.966057572146788,0.9314441825151414,0.9477873740748078,0.8675887904361266,1.4737860100407492,0.777166037625864,23.25160026583651,3.15110405400511
s0205.png,0.0,1.0,1.0,1.0,1.0,0.0,1.0165097605458279e-08,24.0,0.0
