Feature,Normal_N,Delayed_N,Normal_Mean,Delayed_Mean,U,P_Value,Effect_Size,Adjusted_P,Significant
lbp-2D_firstorder_10Percentile,190,12,3.0331578947368425,1.0583333333333333,2096.0,2.302916043691414e-19,0.8385964912280701,8.774110126464287e-17,True
lbp-2D_firstorder_InterquartileRange,190,12,0.8894736842105263,2.9583333333333335,170.0,1.583825602814652e-14,-0.8508771929824561,3.017187773361912e-12,True
gradient_firstorder_Minimum,190,12,0.09741105845100001,2.4723188281059265,417.0,3.781203177475736e-12,-0.6342105263157894,4.802128035394185e-10,True
firstorder_Mean,190,12,-8.140612927643021,95.25762176608153,66.0,4.6005607893292665e-08,-0.9421052631578948,8.070925546536554e-07,True
shape2D_PixelSurface,190,12,12023.052631578947,520.3333333333334,2213.0,4.7344982314654064e-08,0.9412280701754385,8.070925546536554e-07,True
shape2D_PerimeterSurfaceRatio,190,12,0.09406707877639942,0.6408293026714852,52.0,3.070272730834403e-08,-0.9543859649122807,8.070925546536554e-07,True
firstorder_TotalEnergy,190,12,126959261.88636735,4489343.778518727,2216.0,4.343617502145289e-08,0.9438596491228071,8.070925546536554e-07,True
squareroot_firstorder_TotalEnergy,190,12,266383899.13713226,9917133.42544236,2220.0,3.870809921868839e-08,0.9473684210526316,8.070925546536554e-07,True
shape2D_MeshSurface,190,12,12022.552631578947,519.8333333333334,2213.0,4.7344982314654064e-08,0.9412280701754385,8.070925546536554e-07,True
wavelet-L_firstorder_Mean,190,12,-11.510364070815921,133.92174853859933,66.0,4.6005607893292665e-08,-0.9421052631578948,8.070925546536554e-07,True
squareroot_firstorder_Energy,190,12,266383899.13713226,9917133.42544236,2220.0,3.870809921868839e-08,0.9473684210526316,8.070925546536554e-07,True
square_glcm_Idmn,190,12,0.9981618740357093,0.9541730733639814,2238.0,2.2930331528093226e-08,0.9631578947368422,8.070925546536554e-07,True
wavelet-L_firstorder_Energy,190,12,253878762.57892308,8926933.709385045,2216.0,4.343617502145289e-08,0.9438596491228071,8.070925546536554e-07,True
wavelet-L_firstorder_TotalEnergy,190,12,253878762.57892308,8926933.709385045,2216.0,4.343617502145289e-08,0.9438596491228071,8.070925546536554e-07,True
firstorder_Energy,190,12,126959261.88636735,4489343.778518727,2216.0,4.343617502145289e-08,0.9438596491228071,8.070925546536554e-07,True
Correlation,190,12,0.9572340801734868,0.7756819174611681,2228.0,3.070272730834403e-08,0.9543859649122808,8.070925546536554e-07,True
lbp-2D_firstorder_Energy,190,12,242623.36315789472,10457.25,2212.0,4.872212272187421e-08,0.9403508771929825,8.070925546536554e-07,True
logarithm_firstorder_TotalEnergy,190,12,480796914.7158771,17690583.84595294,2222.0,3.653518476757271e-08,0.9491228070175439,8.070925546536554e-07,True
lbp-2D_firstorder_TotalEnergy,190,12,242623.36315789472,10457.25,2212.0,4.872212272187421e-08,0.9403508771929825,8.070925546536554e-07,True
CentroidY,190,12,144.19473684210527,44.0,2227.0,3.152905818135521e-08,0.9535087719298245,8.070925546536554e-07,True
logarithm_firstorder_Energy,190,12,480796914.7158771,17690583.84595294,2222.0,3.653518476757271e-08,0.9491228070175439,8.070925546536554e-07,True
MeanThickness,190,12,17.90947277517336,5.545320878584868,2215.0,4.470299755593232e-08,0.9429824561403508,8.070925546536554e-07,True
MaxThickness,190,12,26.172039586510838,7.1679656377107195,2218.5,4.008065312025665e-08,0.9460526315789475,8.070925546536554e-07,True
firstorder_Median,190,12,-6.885975570526853,107.7188035491247,74.0,5.7837551080424545e-08,-0.9350877192982456,8.397437261915008e-07,True
exponential_firstorder_Median,190,12,1.5026071951648516,15.976905129992394,74.0,5.7837551080424545e-08,-0.9350877192982456,8.397437261915008e-07,True
squareroot_firstorder_Mean,190,12,-9.623455804626325,134.36256608394015,75.0,5.950939791908273e-08,-0.9342105263157895,8.397437261915008e-07,True
wavelet-L_firstorder_Median,190,12,-9.738881186336203,153.03751752786567,74.0,5.7837551080424545e-08,-0.9350877192982456,8.397437261915008e-07,True
logarithm_firstorder_Mean,190,12,-11.180379532853161,167.842048674771,81.0,7.056832864380759e-08,-0.9289473684210526,8.673075230093771e-07,True
square_firstorder_Energy,190,12,48959408.897743985,1356707.6914131662,2201.0,6.667742500154242e-08,0.9307017543859648,8.673075230093771e-07,True
square_firstorder_TotalEnergy,190,12,48959408.897743985,1356707.6914131662,2201.0,6.667742500154242e-08,0.9307017543859648,8.673075230093771e-07,True
squareroot_firstorder_Median,190,12,-20.229900568108988,159.67763185675145,80.0,6.859615823114695e-08,-0.9298245614035088,8.673075230093771e-07,True
exponential_firstorder_Skewness,190,12,3.050941002789709,0.3783694128328588,2195.0,7.902065720679854e-08,0.9254385964912282,8.854961881114779e-07,True
Area,190,12,3923.6526315789474,195.04166666666666,2196.0,7.681500254923727e-08,0.9263157894736842,8.854961881114779e-07,True
shape2D_Perimeter,190,12,843.0099852800026,86.82327436675665,2195.0,7.902065720679854e-08,0.9254385964912282,8.854961881114779e-07,True
shape2D_MaximumDiameter,190,12,227.98897774462728,32.529483314392934,2193.0,8.360567368586613e-08,0.9236842105263159,9.101074764089999e-07,True
shape2D_MinorAxisLength,190,12,137.5289147169151,11.926270497200028,2192.0,8.599514675352166e-08,0.9228070175438596,9.101153031414376e-07,True
shape2D_MajorAxisLength,190,12,274.4301896239755,35.71510566315418,2186.0,1.017760083008457e-07,0.9175438596491228,1.0480178152060057e-06,True
exponential_firstorder_Kurtosis,190,12,14.33319344370917,2.8538682565864195,2180.0,1.2034372895037684e-07,0.9122807017543859,1.2066042297393048e-06,True
logarithm_firstorder_Median,190,12,-37.93999685973355,206.65081025602737,103.0,1.308172433136745e-07,-0.9096491228070176,1.277983838525897e-06,True
square_glcm_Correlation,190,12,0.9733064558144028,0.5061145623315807,2174.0,1.4217008082813488e-07,0.9070175438596491,1.3541700198879847e-06,True
square_glcm_Idn,190,12,0.9862955651635634,0.8882563146875405,2173.0,1.4616187477964497e-07,0.906140350877193,1.3582359583181642e-06,True
square_glcm_MCC,190,12,0.9769103012854856,0.6625273532233787,2172.0,1.5026196998356602e-07,0.9052631578947368,1.3630907277080633e-06,True
square_glcm_ClusterShade,190,12,77.98308446723192,3.038826035349757,2166.0,1.7730035359876724e-07,0.8999999999999999,1.378600708594496e-06,True
squareroot_firstorder_Minimum,190,12,-244.41243118102145,-69.98648391587649,111.0,1.6324071033831216e-07,-0.9026315789473685,1.378600708594496e-06,True
firstorder_10Percentile,190,12,-138.1114229237569,22.983499562119253,111.0,1.6324071033831216e-07,-0.9026315789473685,1.378600708594496e-06,True
squareroot_firstorder_10Percentile,190,12,-184.5225267194333,40.670847843470476,113.0,1.7248849966368521e-07,-0.9008771929824562,1.378600708594496e-06,True
StdThickness,190,12,4.36220612343446,1.1286467519657708,2166.0,1.7730035359876724e-07,0.8999999999999999,1.378600708594496e-06,True
square_firstorder_Skewness,190,12,1.5035629629530902,-0.16752235508913715,2169.0,1.6324071033831216e-07,0.9026315789473685,1.378600708594496e-06,True
wavelet-L_firstorder_10Percentile,190,12,-195.2447269930663,33.53257968708036,112.0,1.6780301878704496e-07,-0.9017543859649123,1.378600708594496e-06,True
Perimeter,190,12,445.8236595091067,58.99484661221504,2165.0,1.8224186090649002e-07,0.8991228070175439,1.388682980107454e-06,True
wavelet-L_firstorder_Range,190,12,589.0751333518923,312.12529205116005,2159.0,2.1480784847437302e-07,0.893859649122807,1.5441847220516248e-06,True
exponential_firstorder_10Percentile,190,12,0.13081992356814082,4.859852832429404,120.0,2.09014828557219e-07,-0.8947368421052632,1.5441847220516248e-06,True
firstorder_Range,190,12,416.05729130592664,221.50812808017952,2159.0,2.1480784847437302e-07,0.893859649122807,1.5441847220516248e-06,True
square_firstorder_Range,190,12,221.59354394435164,99.983168520608,2158.0,2.207558792742375e-07,0.8929824561403508,1.557555370434898e-06,True
glcm_Imc2,190,12,0.9965756155832072,0.7559637919383402,2152.0,2.5992971408441556e-07,0.8877192982456141,1.8006040193847694e-06,True
squareroot_glcm_Idmn,190,12,0.9981302190932785,0.9666450890943121,2149.0,2.819554339655483e-07,0.8850877192982456,1.809375227449094e-06,True
squareroot_glcm_Correlation,190,12,0.987330116261575,0.4896545902492402,2149.0,2.819554339655483e-07,0.8850877192982456,1.809375227449094e-06,True
BoundingBoxWidth,190,12,87.85263157894737,18.166666666666668,2148.0,2.884766607357849e-07,0.8842105263157896,1.809375227449094e-06,True
firstorder_Minimum,190,12,-231.4733426721829,-63.71304483531094,132.0,2.896899970456555e-07,-0.8842105263157894,1.809375227449094e-06,True
wavelet-L_glcm_SumEntropy,190,12,5.157237563552312,3.2523247994416553,2150.0,2.7442048704158684e-07,0.8859649122807018,1.809375227449094e-06,True
wavelet-L_firstorder_Minimum,190,12,-327.57108130486034,-86.94778518639951,129.0,2.6708019482712026e-07,-0.8868421052631579,1.809375227449094e-06,True
wavelet-H_glcm_SumSquares,190,12,0.24634125923636133,0.6906960984180531,133.5,3.0167428962624615e-07,-0.8828947368421053,1.8492314274919046e-06,True
square_glcm_ClusterProminence,190,12,1081.091287514275,71.427754299538,2146.0,3.0577842501834645e-07,0.8824561403508773,1.8492314274919046e-06,True
SkeletonLength,190,12,172.94210526315788,19.083333333333332,2144.5,3.180123662853396e-07,0.8811403508771929,1.8916821885001198e-06,True
wavelet-L_glcm_Imc2,190,12,0.9935165018293377,0.8523560744585246,2144.0,3.227279324212803e-07,0.880701754385965,1.8916821885001198e-06,True
squareroot_firstorder_Range,190,12,463.85421240479735,267.5798092810811,2143.0,3.315393306355817e-07,0.8798245614035087,1.913886135941767e-06,True
squareroot_glcm_Idn,190,12,0.9808140024046308,0.9172129097812246,2141.0,3.498640713421278e-07,0.8780701754385964,1.9318581330630533e-06,True
logarithm_glcm_MCC,190,12,0.9880659071612465,0.5961733524847423,2142.0,3.405827538983651e-07,0.8789473684210527,1.9318581330630533e-06,True
squareroot_glcm_MCC,190,12,0.9897506342251233,0.6795900119248716,2141.0,3.498640713421278e-07,0.8780701754385964,1.9318581330630533e-06,True
BoundingBoxHeight,190,12,131.56315789473683,18.083333333333332,2139.5,3.633469822006529e-07,0.8767543859649123,1.9497915523725177e-06,True
squareroot_firstorder_Entropy,190,12,3.9127432611029187,2.277514175612326,2140.0,3.59389293993618e-07,0.8771929824561404,1.9497915523725177e-06,True
squareroot_glcm_SumEntropy,190,12,4.699905807500834,2.769979056451986,2136.0,4.00054607887849e-07,0.8736842105263158,2.1155525461632403e-06,True
logarithm_firstorder_10Percentile,190,12,-222.97343930700976,58.4057631959476,145.0,4.108947202521779e-07,-0.8728070175438596,2.1155525461632403e-06,True
logarithm_glcm_Correlation,190,12,0.9801823702721989,0.40583989874508136,2135.0,4.108947202521779e-07,0.8728070175438596,2.1155525461632403e-06,True
wavelet-L_firstorder_Skewness,190,12,-0.06661611477805499,-1.269401739233238,2134.0,4.220179711638538e-07,0.8719298245614036,2.143851293512377e-06,True
square_firstorder_Maximum,190,12,221.61693008160572,109.21377162282704,2133.0,4.334314601468145e-07,0.8710526315789473,2.17286034626232e-06,True
squareroot_glcm_Imc2,190,12,0.9960860484295812,0.7681382451107625,2132.0,4.4514245672622365e-07,0.8701754385964913,2.2025880001648207e-06,True
wavelet-L_firstorder_Entropy,190,12,4.2821418003626555,2.7749885255390083,2128.0,4.951130780780975e-07,0.8666666666666667,2.4184369583045533e-06,True
exponential_firstorder_Minimum,190,12,0.030985109236508206,2.3746878316379205,156.0,5.504722814134963e-07,-0.8631578947368421,2.654809357196735e-06,True
glcm_SumEntropy,190,12,4.595319498437121,2.8796203339320123,2122.0,5.803441690612879e-07,0.8614035087719298,2.7638891051543837e-06,True
wavelet-H_firstorder_Variance,190,12,1.9298583889417853,378.02269213759195,159.0,5.958601927531664e-07,-0.8605263157894737,2.8027497955426717e-06,True
wavelet-H_firstorder_RootMeanSquared,190,12,1.3192165705114578,16.91042499263907,160.0,6.117757095653852e-07,-0.8596491228070176,2.842518845663558e-06,True
squareroot_firstorder_Uniformity,190,12,0.08249894481206184,0.31126106788171976,162.0,6.448449049002708e-07,-0.8578947368421053,2.9600711899638932e-06,True
glcm_Imc1,190,12,-0.7048584819076383,-0.3120515062764202,165.0,6.976991148646884e-07,-0.8552631578947368,3.1645638424219796e-06,True
logarithm_firstorder_Skewness,190,12,0.06634223531049022,-1.9833971742196683,2114.0,7.162270131558738e-07,0.8543859649122807,3.2103822589692696e-06,True
wavelet-H_firstorder_MeanAbsoluteDeviation,190,12,0.9366226545424647,12.328469598986395,167.0,7.352285028505448e-07,-0.8535087719298246,3.257233251000669e-06,True
firstorder_Entropy,190,12,3.804109059386242,2.3683145245077917,2112.0,7.547151841788998e-07,0.8526315789473684,3.3051320134731127e-06,True
logarithm_firstorder_Entropy,190,12,3.520822927489868,1.9391140998404912,2111.0,7.746989280962199e-07,0.8517543859649124,3.3540942227802247e-06,True
exponential_firstorder_Energy,190,12,2107073.8691682094,108439.99109251716,2103.0,9.539818338696948e-07,0.8447368421052632,3.9941437220258654e-06,True
squareroot_firstorder_Skewness,190,12,0.04680589994497461,-1.6309779487009572,2103.0,9.539818338696948e-07,0.8447368421052632,3.9941437220258654e-06,True
exponential_firstorder_TotalEnergy,190,12,2107073.8691682094,108439.99109251716,2103.0,9.539818338696948e-07,0.8447368421052632,3.9941437220258654e-06,True
wavelet-L_firstorder_Uniformity,190,12,0.06447668590871901,0.24450752850386917,180.0,1.0310109039064517e-06,-0.8421052631578947,4.1989073943644555e-06,True
logarithm_glcm_SumEntropy,190,12,4.213298948969687,2.412396315816126,2099.0,1.0579924143280517e-06,0.8412280701754387,4.1989073943644555e-06,True
lbp-2D_firstorder_Variance,190,12,1.6014323099764696,6.233944662793095,181.0,1.0579924143280517e-06,-0.8412280701754387,4.1989073943644555e-06,True
wavelet-H_firstorder_10Percentile,190,12,-1.4673353450954534,-21.464419573906486,2099.0,1.0579924143280517e-06,0.8412280701754387,4.1989073943644555e-06,True
wavelet-H_firstorder_90Percentile,190,12,1.4291436206481445,17.241073743034324,181.0,1.0579924143280517e-06,-0.8412280701754387,4.1989073943644555e-06,True
logarithm_firstorder_Uniformity,190,12,0.11972425623599754,0.39034876848162076,182.0,1.0856528395401596e-06,-0.8403508771929824,4.264265276956709e-06,True
lbp-2D_firstorder_Kurtosis,190,12,6.562029171159058,3.2120444089515714,2097.0,1.114008527365714e-06,0.8394736842105264,4.2872449386498695e-06,True
wavelet-H_firstorder_InterquartileRange,190,12,1.593438463900026,16.465787732640646,183.0,1.114008527365714e-06,-0.8394736842105264,4.2872449386498695e-06,True
logarithm_firstorder_Minimum,190,12,-254.63525232867315,-74.52082772264994,184.0,1.1430762000361708e-06,-0.8385964912280701,4.355120322137811e-06,True
logarithm_glcm_Imc2,190,12,0.9943991842455061,0.6786002029695196,2095.0,1.1728729622805955e-06,0.8377192982456141,4.42440196662284e-06,True
glcm_MaximumProbability,190,12,0.10405013659658473,0.3057924605900976,186.0,1.2034163095775951e-06,-0.8368421052631578,4.495113862245723e-06,True
squareroot_glcm_Imc1,190,12,-0.6801589929673489,-0.3283400132175482,188.0,1.266814745668381e-06,-0.8350877192982455,4.685984641744206e-06,True
exponential_firstorder_Mean,190,12,6.026766528224664,17.669268803539538,190.0,1.3334196112608117e-06,-0.8333333333333334,4.88493146048432e-06,True
square_glcm_Imc2,190,12,0.9607452667922043,0.7453594509133041,2089.0,1.367972591042777e-06,0.8324561403508772,4.916958086672622e-06,True
wavelet-H_firstorder_RobustMeanAbsoluteDeviation,190,12,0.5880336758584161,7.492903851703051,191.0,1.367972591042777e-06,-0.8324561403508772,4.916958086672622e-06,True
wavelet-L_glcm_Imc1,190,12,-0.6724362303232788,-0.41055065755464265,192.0,1.4033858179005558e-06,-0.8315789473684211,4.997102772150577e-06,True
gradient_glcm_Imc1,190,12,-0.6940349638165393,-0.3195724032810969,192.5,1.42140889500814e-06,-0.831140350877193,5.014414712945383e-06,True
wavelet-L_glcm_MaximumProbability,190,12,0.07460723311811615,0.28072816582830723,194.0,1.4768753802964692e-06,-0.8298245614035088,5.115359271754134e-06,True
wavelet-L_glcm_ClusterProminence,190,12,41125.999734752106,7910.117764614174,2086.0,1.4768753802964692e-06,0.8298245614035087,5.115359271754134e-06,True
logarithm_glcm_ClusterProminence,190,12,79757.26223347777,21207.495430905463,2079.0,1.7643519741411035e-06,0.8236842105263158,6.001947340605004e-06,True
glcm_ClusterProminence,190,12,10330.032505905952,2106.5981410284353,2079.0,1.7643519741411035e-06,0.8236842105263158,6.001947340605004e-06,True
logarithm_glcm_ClusterTendency,190,12,226.5358204457161,58.06815191430769,2076.0,1.9033809209344932e-06,0.8210526315789475,6.302706998921692e-06,True
firstorder_Uniformity,190,12,0.08542267465817208,0.29326747616784893,205.0,1.9520194904796844e-06,-0.8201754385964912,6.302706998921692e-06,True
gradient_firstorder_Energy,190,12,6821587.874958114,753830.7291327828,2075.0,1.9520194904796844e-06,0.8201754385964912,6.302706998921692e-06,True
square_glcm_DifferenceVariance,190,12,0.12036665141661552,0.46255073728456825,204.0,1.9033809209344932e-06,-0.8210526315789474,6.302706998921692e-06,True
squareroot_glcm_JointEnergy,190,12,0.05216904976015039,0.18558271603658413,205.0,1.9520194904796844e-06,-0.8201754385964912,6.302706998921692e-06,True
gradient_firstorder_TotalEnergy,190,12,6821587.874958114,753830.7291327828,2075.0,1.9520194904796844e-06,0.8201754385964912,6.302706998921692e-06,True
square_glcm_Contrast,190,12,0.14310212224593744,0.8972363802751248,206.0,2.001850897633953e-06,-0.8192982456140351,6.3558765999878004e-06,True
wavelet-L_glcm_ClusterTendency,190,12,124.53187995638083,36.44278275648142,2074.0,2.001850897633953e-06,0.8192982456140352,6.3558765999878004e-06,True
square_firstorder_10Percentile,190,12,1.4383701326134894,20.771803320413515,207.0,2.05290307252977e-06,-0.8184210526315789,6.4640997573044824e-06,True
lbp-2D_firstorder_MeanAbsoluteDeviation,190,12,0.8389413313294923,1.918744120496944,208.0,2.1052045654550605e-06,-0.8175438596491228,6.5209995076290904e-06,True
glcm_ClusterTendency,190,12,62.38111989877816,18.439364347059968,2072.0,2.1052045654550605e-06,0.8175438596491229,6.5209995076290904e-06,True
squareroot_glcm_ClusterTendency,190,12,127.82279459263093,34.79348903446397,2070.0,2.2136728851917664e-06,0.8157894736842106,6.801688461758573e-06,True
logarithm_firstorder_Range,190,12,499.6984245371259,302.69202480053127,2068.0,2.3274971601307086e-06,0.8140350877192983,7.037908079442857e-06,True
squareroot_glcm_ClusterProminence,190,12,30161.113262095165,7607.3492377558505,2068.0,2.3274971601307086e-06,0.8140350877192983,7.037908079442857e-06,True
wavelet-L_glcm_SumSquares,190,12,31.25280306093978,9.86489673304205,2067.0,2.3864961226463125e-06,0.8131578947368421,7.159488367938937e-06,True
CentroidX,190,12,97.26315789473684,44.833333333333336,2065.5,2.4694529868983968e-06,0.8118421052631579,7.350481156314759e-06,True
squareroot_glcm_MaximumProbability,190,12,0.1111802806565791,0.32263621357103645,215.0,2.5087883107591738e-06,-0.8114035087719298,7.352803150368507e-06,True
square_glcm_DifferenceEntropy,190,12,0.5725435485052108,1.2463826912308615,215.0,2.5088304712543463e-06,-0.8114035087719298,7.352803150368507e-06,True
square_glcm_DifferenceAverage,190,12,0.14025928573234536,0.6093445749744514,217.0,2.637172173637001e-06,-0.8096491228070175,7.554606001170657e-06,True
squareroot_firstorder_MeanAbsoluteDeviation,190,12,125.42784563458949,52.36095765443488,2063.0,2.637172173637001e-06,0.8096491228070175,7.554606001170657e-06,True
logarithm_glcm_Imc1,190,12,-0.675985703538768,-0.293141172835141,217.0,2.637172173637001e-06,-0.8096491228070175,7.554606001170657e-06,True
logarithm_glcm_SumSquares,190,12,57.15250189439116,16.30362179749575,2062.0,2.703683126027754e-06,0.8087719298245615,7.68733784340727e-06,True
lbp-2D_firstorder_RobustMeanAbsoluteDeviation,190,12,0.4879767571130178,1.5452516177020195,219.0,2.7718022643089316e-06,-0.8078947368421052,7.733120708223004e-06,True
squareroot_firstorder_RobustMeanAbsoluteDeviation,190,12,104.55533108712706,33.60076987797206,2060.0,2.8415666644388992e-06,0.8070175438596492,7.733120708223004e-06,True
square_glcm_Idm,190,12,0.9301546407851866,0.7231865542787715,2060.0,2.8415666644388992e-06,0.8070175438596492,7.733120708223004e-06,True
squareroot_glcm_SumSquares,190,12,32.13601304396459,9.656925940310357,2061.0,2.7718022643089316e-06,0.8078947368421052,7.733120708223004e-06,True
logarithm_firstorder_Variance,190,12,35747.71092398467,11515.414794125383,2060.0,2.8415666644388992e-06,0.8070175438596492,7.733120708223004e-06,True
logarithm_firstorder_InterquartileRange,190,12,360.6491360055004,82.43951570844133,2060.0,2.8415666644388992e-06,0.8070175438596492,7.733120708223004e-06,True
squareroot_firstorder_Variance,190,12,20074.498118779095,6855.721305861144,2058.0,2.9861836163430223e-06,0.8052631578947369,7.81990485116258e-06,True
gradient_glcm_SumEntropy,190,12,1.1915021936588075,2.3023272601953844,223.5,3.0992273819568233e-06,-0.8039473684210526,7.81990485116258e-06,True
gradient_glcm_SumAverage,190,12,2.5901235559369784,4.08334011908369,222.5,3.0234013334501457e-06,-0.8048245614035088,7.81990485116258e-06,True
square_glcm_Imc1,190,12,-0.7025909184447066,-0.29459931706476433,223.0,3.061114432261081e-06,-0.8043859649122806,7.81990485116258e-06,True
gradient_glcm_JointAverage,190,12,1.2950617779684892,2.041670059541845,222.5,3.0234013334501457e-06,-0.8048245614035088,7.81990485116258e-06,True
logarithm_firstorder_Kurtosis,190,12,1.7694487907695458,7.978627946230946,222.0,2.9861836163430223e-06,-0.8052631578947369,7.81990485116258e-06,True
gradient_firstorder_RootMeanSquared,190,12,23.525739623931813,50.7994123922112,223.0,3.061114432261081e-06,-0.8043859649122806,7.81990485116258e-06,True
gradient_glcm_Autocorrelation,190,12,2.0034919571207896,5.416893944098814,222.5,3.0234013334501457e-06,-0.8048245614035088,7.81990485116258e-06,True
gradient_firstorder_Uniformity,190,12,0.6325825137989249,0.3649703731305493,2056.5,3.0992273819568233e-06,0.8039473684210525,7.81990485116258e-06,True
logarithm_firstorder_RobustMeanAbsoluteDeviation,190,12,155.4832067209032,40.241021319193436,2059.0,2.9130142115188656e-06,0.8061403508771929,7.81990485116258e-06,True
gradient_firstorder_Entropy,190,12,0.9548540050465836,1.8229292476985337,221.5,2.9493567818354992e-06,-0.8057017543859649,7.81990485116258e-06,True
gradient_firstorder_Mean,190,12,18.52029960319481,40.23314525014416,224.0,3.137847072358987e-06,-0.8035087719298246,7.865261411636671e-06,True
gradient_glcm_JointEnergy,190,12,0.5935489468907673,0.2572498803829751,2055.5,3.176875776605055e-06,0.8030701754385965,7.911043600565528e-06,True
square_glcm_Id,190,12,0.9303331227365995,0.73724765288913,2055.0,3.2164228269627557e-06,0.8026315789473684,7.957513617355908e-06,True
gradient_firstorder_90Percentile,190,12,36.82489984386846,85.93298688928287,227.0,3.379273334524129e-06,-0.8008771929824561,8.148754053504388e-06,True
gradient_glcm_JointEntropy,190,12,1.2460123543088477,2.9059363543333956,226.5,3.337807449875785e-06,-0.8013157894736842,8.148754053504388e-06,True
shape2D_Sphericity,190,12,0.48318450413941755,0.7604189556949287,227.0,3.379273334524129e-06,-0.8008771929824561,8.148754053504388e-06,True
glcm_SumSquares,190,12,15.671808391405676,5.111515632717066,2053.0,3.379273334524129e-06,0.8008771929824561,8.148754053504388e-06,True
logarithm_glcm_JointEntropy,190,12,4.66556347610484,2.916253698398148,2052.0,3.4636352165074532e-06,0.8,8.196552903660495e-06,True
gradient_glcm_MaximumProbability,190,12,0.7419574753691991,0.3841817572551227,2052.5,3.421176929883681e-06,0.8004385964912282,8.196552903660495e-06,True
logarithm_firstorder_MeanAbsoluteDeviation,190,12,174.5127814751974,63.43675966459647,2052.0,3.4636352165074532e-06,0.8,8.196552903660495e-06,True
gradient_firstorder_InterquartileRange,190,12,15.903569938634572,39.019154166181885,230.0,3.638457161018976e-06,-0.7982456140350878,8.452757185050182e-06,True
gradient_firstorder_RobustMeanAbsoluteDeviation,190,12,6.821840370977435,17.04619098214148,230.0,3.638457161018976e-06,-0.7982456140350878,8.452757185050182e-06,True
gradient_firstorder_MeanAbsoluteDeviation,190,12,10.624916836301361,24.656728923327012,230.0,3.638457161018976e-06,-0.7982456140350878,8.452757185050182e-06,True
squareroot_firstorder_InterquartileRange,190,12,250.1099796321108,74.65020567879951,2049.0,3.7290101144984804e-06,0.7973684210526315,8.61062335529649e-06,True
gradient_glcm_SumSquares,190,12,0.3368894476299982,1.5658973349942553,231.5,3.7750622585660795e-06,-0.7969298245614035,8.664450123576362e-06,True
squareroot_glcm_JointEntropy,190,12,5.16382614756866,3.458930306174718,2046.0,4.013815443279772e-06,0.7947368421052632,9.111436670664164e-06,True
square_firstorder_Minimum,190,12,0.023386137254082003,9.230603102219028,235.0,4.113299494368074e-06,-0.793859649122807,9.111436670664164e-06,True
wavelet-H_glcm_Idm,190,12,0.8701923163683425,0.6400197420162953,2045.0,4.113299494368074e-06,0.7938596491228069,9.111436670664164e-06,True
wavelet-H_glcm_DifferenceAverage,190,12,0.25962228173661916,0.8612059037988186,235.0,4.113266356650732e-06,-0.793859649122807,9.111436670664164e-06,True
wavelet-H_glcm_Id,190,12,0.8701933065301573,0.6608970825939263,2045.0,4.113299494368074e-06,0.7938596491228069,9.111436670664164e-06,True
wavelet-H_glcm_Contrast,190,12,0.25965685410314054,1.6581931022679124,235.0,4.113299494368074e-06,-0.793859649122807,9.111436670664164e-06,True
gradient_firstorder_Median,190,12,14.945832480882343,30.849438399076462,236.0,4.215144098086355e-06,-0.7929824561403509,9.283063013704632e-06,True
wavelet-H_glcm_Correlation,190,12,0.47261182355831205,-0.1710383643701717,2042.0,4.426129332033834e-06,0.7912280701754386,9.581564065368697e-06,True
gradient_firstorder_Variance,190,12,219.06009240682346,1117.606312681013,238.0,4.426129332033834e-06,-0.7912280701754386,9.581564065368697e-06,True
square_glcm_InverseVariance,190,12,0.13787607500964535,0.4082180848600492,238.0,4.426129332033834e-06,-0.7912280701754386,9.581564065368697e-06,True
logarithm_glcm_JointEnergy,190,12,0.08965295865713173,0.27607294685570666,239.0,4.535380011278754e-06,-0.7903508771929825,9.707751597175309e-06,True
wavelet-L_firstorder_MeanAbsoluteDeviation,190,12,112.30886207326662,57.57852221646332,2041.0,4.535380011278754e-06,0.7903508771929824,9.707751597175309e-06,True
wavelet-L_firstorder_Variance,190,12,19531.495522386573,7104.815993271011,2036.0,5.121522303765797e-06,0.7859649122807018,1.090111730578083e-05,True
firstorder_MeanAbsoluteDeviation,190,12,79.42084652027903,40.906060861218734,2035.0,5.247152018989482e-06,0.7850877192982457,1.1106471773527737e-05,True
firstorder_RobustMeanAbsoluteDeviation,190,12,58.70700674154727,26.947244716743104,2034.0,5.375729329522196e-06,0.7842105263157895,1.1315761737834015e-05,True
firstorder_InterquartileRange,190,12,140.25893924318004,62.67458188622263,2033.0,5.507319981736512e-06,0.7833333333333334,1.1529059961767094e-05,True
gradient_glcm_ClusterTendency,190,12,1.2933584614301143,5.111982234603103,251.5,6.138553586047514e-06,-0.7793859649122807,1.2780267302098924e-05,True
squareroot_glcm_Id,190,12,0.8310934761817621,0.712077422791025,2027.0,6.364003550432486e-06,0.7780701754385966,1.3177637786493353e-05,True
wavelet-L_firstorder_RobustMeanAbsoluteDeviation,190,12,82.40094036423002,37.96624240651189,2026.0,6.51864812129998e-06,0.7771929824561403,1.3352714700082218e-05,True
wavelet-H_glcm_InverseVariance,190,12,0.25960444717399084,0.4914635367244566,254.0,6.51864812129998e-06,-0.7771929824561403,1.3352714700082218e-05,True
firstorder_Variance,190,12,9767.063214544976,3616.0178863030706,2023.0,7.00444889944116e-06,0.774561403508772,1.4271096420786536e-05,True
lbp-2D_firstorder_90Percentile,190,12,5.676315789473684,7.525000000000001,340.5,7.1217512585865374e-06,-0.7013157894736842,1.4432910795326972e-05,True
wavelet-H_firstorder_Median,190,12,0.01385831812593513,-3.162518072439509,2020.0,7.5241917204438405e-06,0.7719298245614035,1.51678150554979e-05,True
wavelet-H_firstorder_Minimum,190,12,-8.773143266278629,-40.263908187170706,2016.0,8.276249736022889e-06,0.7684210526315789,1.659605868118274e-05,True
wavelet-L_firstorder_InterquartileRange,190,12,198.35178529478543,87.50568605277472,2014.0,8.678386262877752e-06,0.7666666666666666,1.7043634877094967e-05,True
square_glcm_ClusterTendency,190,12,13.33797539869909,4.3400860827603625,2014.0,8.678386262877752e-06,0.7666666666666666,1.7043634877094967e-05,True
squareroot_glcm_Idm,190,12,0.82423513129331,0.6939250222751739,2014.0,8.678386262877752e-06,0.7666666666666666,1.7043634877094967e-05,True
squareroot_firstorder_Kurtosis,190,12,1.9305608377748098,6.296435333239628,266.0,8.678386262877752e-06,-0.7666666666666666,1.7043634877094967e-05,True
gradient_glcm_DifferenceVariance,190,12,0.050622697981349864,0.6026567618486763,272.5,1.011822993202769e-05,-0.7609649122807017,1.917933136369428e-05,True
gradient_glcm_DifferenceEntropy,190,12,0.29463767558971193,1.2417015534545788,272.5,1.011822993202769e-05,-0.7609649122807017,1.917933136369428e-05,True
gradient_glcm_DifferenceAverage,190,12,0.054081098655002276,0.6255358806666466,272.5,1.011822993202769e-05,-0.7609649122807017,1.917933136369428e-05,True
gradient_glcm_Id,190,12,0.9729791557449783,0.7547027978304485,2007.5,1.011822993202769e-05,0.7609649122807018,1.917933136369428e-05,True
gradient_glcm_Contrast,190,12,0.05419932908987813,1.1516071053739187,272.5,1.011822993202769e-05,-0.7609649122807017,1.917933136369428e-05,True
gradient_glcm_InverseVariance,190,12,0.0539776470244859,0.3385737189861134,272.5,1.011822993202769e-05,-0.7609649122807017,1.917933136369428e-05,True
gradient_glcm_Idm,190,12,0.9729712737159865,0.7373093249689533,2007.5,1.011822993202769e-05,0.7609649122807018,1.917933136369428e-05,True
wavelet-H_firstorder_Mean,190,12,-0.0008012074075384007,-2.7453403020981444,2002.0,1.1512326820994602e-05,0.7561403508771929,2.1713844152470016e-05,True
firstorder_Skewness,190,12,-0.0665728970451645,-1.1600054701387528,2001.0,1.1784736347540728e-05,0.7552631578947369,2.211815048479319e-05,True
wavelet-H_firstorder_Range,190,12,17.223638106780072,85.84574804008464,280.0,1.206329164204376e-05,-0.7543859649122807,2.252997115499349e-05,True
wavelet-L_glcm_Idmn,190,12,0.9991547414087268,0.9817065518944977,1998.0,1.2639367237188727e-05,0.7526315789473683,2.349072642618978e-05,True
firstorder_Maximum,190,12,184.58394863374372,157.7950832448686,1995.0,1.3552942064824726e-05,0.75,2.5066363721836023e-05,True
wavelet-H_glcm_Idn,190,12,0.9140517696739019,0.8526165770763691,1986.0,1.6686885510634734e-05,0.7421052631578948,3.0713542896385666e-05,True
square_firstorder_Kurtosis,190,12,5.396674588555894,2.52181948073587,1985.0,1.7074943941921836e-05,0.7412280701754386,3.127670020130875e-05,True
Entropy,190,12,0.5583795589847604,0.1301893167318988,1984.0,1.7471592693551762e-05,0.7403508771929825,3.185012830738384e-05,True
gradient_firstorder_10Percentile,190,12,4.5604760320563065,8.264624872306984,298.0,1.8290100226955325e-05,-0.7385964912280703,3.3028516708414116e-05,True
wavelet-H_firstorder_Entropy,190,12,0.9892361931400393,1.5225095551371768,298.0,1.8291383268964246e-05,-0.7385964912280703,3.3028516708414116e-05,True
lbp-2D_firstorder_Skewness,190,12,0.9361060555880951,0.5059967097250981,1980.0,1.9147736962471617e-05,0.736842105263158,3.441173482406455e-05,True
glcm_Idmn,190,12,0.9989453171191811,0.9788287665950982,1979.0,1.9590103261797896e-05,0.7359649122807017,3.50414523133568e-05,True
wavelet-L_firstorder_Maximum,190,12,261.5040520470321,225.17750686476052,1977.0,2.0504204100987165e-05,0.7342105263157894,3.650514842278556e-05,True
gradient_glcm_Idn,190,12,0.9904717691310204,0.9201169053084749,1976.5,2.073885216421017e-05,0.7337719298245613,3.6751175230530574e-05,True
wavelet-L_glcm_JointEnergy,190,12,0.03488002208652026,0.17571442734299028,306.0,2.1951860371327534e-05,-0.7315789473684211,3.8720642599424954e-05,True
exponential_glcm_Imc1,190,12,-0.7367145816357169,-0.24709572260879006,309.0,2.3406605723360995e-05,-0.7289473684210526,4.10963906940117e-05,True
wavelet-L_glcm_Idn,190,12,0.9838746138014571,0.9318639534845309,1970.0,2.4033939518206955e-05,0.7280701754385965,4.200427044237087e-05,True
wavelet-H_firstorder_Maximum,190,12,8.450494840501445,45.58183985291395,311.0,2.4583087544408556e-05,-0.7271929824561403,4.276783723479297e-05,True
square_firstorder_Variance,190,12,2267.7784336944724,900.0731949209807,1967.0,2.571739815617563e-05,0.725438596491228,4.453785771592234e-05,True
glcm_Correlation,190,12,0.9884528087092594,0.6536350601081011,1966.0,2.6303053455345892e-05,0.724561403508772,4.493929760756405e-05,True
squareroot_glcm_DifferenceAverage,190,12,0.4063338099797566,0.9397252079923354,314.0,2.6303053455345892e-05,-0.724561403508772,4.493929760756405e-05,True
logarithm_glcm_Idn,190,12,0.9790948680278968,0.9332562746902152,1966.0,2.6303053455345892e-05,0.724561403508772,4.493929760756405e-05,True
logarithm_glcm_MaximumProbability,190,12,0.18334649119564853,0.4164890534640022,316.0,2.7512631220895428e-05,-0.7228070175438597,4.67960379248266e-05,True
glcm_Idn,190,12,0.9843883521705197,0.9294115350410347,1956.0,3.2900703715320926e-05,0.7157894736842105,5.571185829127677e-05,True
gradient_firstorder_Kurtosis,190,12,7.678300495431459,4.029189930948906,1955.0,3.364076573678953e-05,0.7149122807017543,5.6463135443686395e-05,True
wavelet-L_glcm_Correlation,190,12,0.9884309065558913,0.735530995089689,1955.0,3.364076573678953e-05,0.7149122807017543,5.6463135443686395e-05,True
glcm_MCC,190,12,0.9892397866349111,0.7477131436479375,1954.0,3.43966221274193e-05,0.7140350877192982,5.747856592345066e-05,True
square_glcm_SumSquares,190,12,3.370269380236257,1.3093306157588718,1951.0,3.676215786298876e-05,0.7114035087719299,6.089731367738573e-05,True
squareroot_firstorder_Maximum,190,12,219.44178122377593,197.5933253652046,1951.0,3.676215786298876e-05,0.7114035087719299,6.089731367738573e-05,True
square_firstorder_Median,190,12,26.424746760502757,58.038066833257396,330.0,3.758442205346515e-05,-0.7105263157894737,6.172269311366476e-05,True
glcm_JointEnergy,190,12,0.051913926063487784,0.1930504510027025,330.0,3.758442205346515e-05,-0.7105263157894737,6.172269311366476e-05,True
logarithm_glcm_Idmn,190,12,0.9958120949020509,0.9670240940436147,1944.0,4.289663981480908e-05,0.7052631578947368,7.014429085597537e-05,True
glcm_DifferenceVariance,190,12,0.21803217761737304,1.1620219257422284,347.0,5.4535544279939903e-05,-0.6956140350877194,8.8795052866056e-05,True
wavelet-L_glcm_DifferenceVariance,190,12,0.3020156534750726,1.5770453978782035,348.0,5.573051239294988e-05,-0.6947368421052631,9.035457541154852e-05,True
glcm_Contrast,190,12,0.30611366684455105,2.0066981838082985,350.0,5.819525615877608e-05,-0.6929824561403508,9.395081608683765e-05,True
wavelet-L_glcm_Contrast,190,12,0.4793322873782365,3.016804175686788,351.0,5.9466003238270827e-05,-0.6921052631578948,9.559724571215689e-05,True
glcm_DifferenceEntropy,190,12,0.8878492144053862,1.466878175328847,354.0,6.343775832553341e-05,-0.6894736842105262,0.00010155372236146316,True
Energy,190,12,0.9520923237629302,0.9883159621093487,355.0,6.481657085169352e-05,-0.6885964912280702,0.00010289630622706347,True
ASM,190,12,0.9079536516754372,0.9770371733622721,355.0,6.481657085169352e-05,-0.6885964912280702,0.00010289630622706347,True
LBP_Mean,190,12,23.470389674523524,23.866478018054366,357.0,6.765973575641121e-05,-0.6868421052631579,0.00010652214596360608,True
glcm_DifferenceAverage,190,12,0.2882847133875606,0.7879655190550677,357.0,6.765973575641121e-05,-0.6868421052631579,0.00010652214596360608,True
gradient_glcm_Idmn,190,12,0.9974054319805796,0.9738992434891526,1922.5,6.838833065685293e-05,0.6864035087719298,0.00010722614806691755,True
square_glcm_MaximumProbability,190,12,0.5078223139268666,0.3232370760589091,1920.0,7.21466525624238e-05,0.6842105263157894,0.0001121954066378917,True
glcm_Idm,190,12,0.8576321683325786,0.7036150217177983,1920.0,7.21466525624238e-05,0.6842105263157894,0.0001121954066378917,True
glcm_Id,190,12,0.8586707173845571,0.7256506000153732,1917.0,7.691402179964609e-05,0.6815789473684211,0.0001191229362018909,True
wavelet-L_glcm_DifferenceEntropy,190,12,1.0821374336593625,1.6665058999445537,367.0,8.373515402670587e-05,-0.6780701754385965,0.00012916232260799568,True
squareroot_glcm_InverseVariance,190,12,0.2745448367470033,0.3809024479899885,375.0,9.912835538190551e-05,-0.6710526315789473,0.00015167832690966265,True
exponential_firstorder_InterquartileRange,190,12,5.804604294324394,16.092902072349077,375.0,9.912835538190551e-05,-0.6710526315789473,0.00015167832690966265,True
wavelet-L_glcm_DifferenceAverage,190,12,0.4088940613810741,1.0155246081551135,378.0,0.00010556134121915202,-0.668421052631579,0.00016087548401798766,True
lbp-2D_firstorder_Mean,190,12,4.304535259279225,4.055559427428447,1884.0,0.00015322299776445003,0.6526315789473685,0.00023258152250300981,True
Homogeneity,190,12,0.9618898305497287,0.989132779653786,423.0,0.00026397410395966584,-0.6289473684210527,0.0003991037047961614,True
wavelet-H_glcm_DifferenceEntropy,190,12,0.8123811091396191,1.3773454758526702,425.0,0.0002746319474211084,-0.6271929824561404,0.00041194792113166266,True
wavelet-H_glcm_DifferenceVariance,190,12,0.18856060355324833,0.768682668209625,425.0,0.0002746319474211084,-0.6271929824561404,0.00041194792113166266,True
gradient_firstorder_Skewness,190,12,1.7436056360768204,1.0986369201900945,1854.0,0.00028011085615090497,0.6263157894736842,0.0004185185733078227,True
wavelet-L_glcm_Idm,190,12,0.8024995656730363,0.6509776307463565,1852.0,0.000291377325571305,0.6245614035087719,0.0004336514103229188,True
wavelet-H_glcm_JointEntropy,190,12,1.7979855400123956,2.678592800850804,450.0,0.00044671472196166565,-0.6052631578947368,0.0006622502298342203,True
square_glcm_JointEnergy,190,12,0.3128250321646004,0.181288310611967,1827.0,0.0004730829039256034,0.6026315789473684,0.0006986224278901353,True
wavelet-L_glcm_JointEntropy,190,12,5.6714856315941,4.071738464594081,1821.0,0.0005302303599963996,0.5973684210526315,0.0007799913789908427,True
wavelet-L_glcm_Id,190,12,0.806254098829793,0.6830123193502827,1818.0,0.0005611578116909122,0.5947368421052632,0.0008223120240547598,True
square_firstorder_MeanAbsoluteDeviation,190,12,35.80222056162746,23.61651225871678,1817.0,0.0005718348344657223,0.593859649122807,0.0008347474020361694,True
gradient_glcm_ClusterProminence,190,12,17.274902299612908,126.25948676641087,469.5,0.0006459763030419662,-0.5881578947368421,0.0009393777536602639,True
exponential_firstorder_RobustMeanAbsoluteDeviation,190,12,3.4549543974054124,7.07059546814519,470.0,0.0006520380480287261,-0.5877192982456141,0.0009445874383990291,True
wavelet-L_firstorder_Kurtosis,190,12,2.5496677225215247,4.761984010808938,472.0,0.0006768056110677553,-0.5859649122807018,0.0009767535523364196,True
exponential_firstorder_90Percentile,190,12,19.034733484681375,33.66519072536284,482.0,0.0008142987415893695,-0.5771929824561404,0.0011707464926247163,True
exponential_firstorder_RootMeanSquared,190,12,12.47830368997398,21.282470667979414,490.0,0.0009424927463562767,-0.5701754385964912,0.0013499614148937647,True
LBP_STD,190,12,2.478295936782281,1.4263872985269963,1787.0,0.0009952083229625695,0.5675438596491229,0.0014201287305196217,True
glcm_InverseVariance,190,12,0.27412182629234544,0.34244149248999656,495.0,0.0010318546294894953,-0.5657894736842105,0.0014669276635652898,True
glcm_JointEntropy,190,12,4.923254109087756,3.617043864050871,1783.0,0.0010697463303643998,0.5640350877192983,0.001515142572003109,True
MinThickness,190,12,6.6523547373381655,3.385618083164127,1763.0,0.001445748494695398,0.5464912280701755,0.0020401117647368397,True
logarithm_glcm_Id,190,12,0.8432906963366193,0.7764888433964758,1765.0,0.0014734762165750216,0.5482456140350878,0.002071566193782595,True
firstorder_90Percentile,190,12,122.18529751929512,149.9946901446102,516.0,0.001499576871017181,-0.5473684210526315,0.002100510249476272,True
squareroot_firstorder_RootMeanSquared,190,12,149.75541532676948,164.77234250776613,525.0,0.0017543884839197744,-0.5394736842105263,0.0024484322797561687,True
logarithm_glcm_Idm,190,12,0.8342481683928396,0.7634628711978294,1754.0,0.0017850328082112828,0.5385964912280701,0.0024821076639726233,True
gradient_glcm_Correlation,190,12,0.9137173465201645,0.6688278769456959,1746.5,0.0020310144176510694,0.5320175438596491,0.002813878156818391,True
firstorder_Kurtosis,190,12,2.5495072948866615,4.567419639727727,536.0,0.0021196927039032953,-0.5298245614035088,0.0029260975369099834,True
wavelet-L_glcm_Autocorrelation,190,12,224.33803385657083,133.3273515756206,1738.0,0.0023471738810774217,0.524561403508772,0.0032284232804711105,True
wavelet-L_firstorder_90Percentile,190,12,172.81560945547483,210.2492068166964,550.0,0.002685271787521642,-0.5175438596491229,0.003680174644049445,True
gradient_glcm_ClusterShade,190,12,3.4028771118832046,13.734363509467068,553.5,0.0028467205173054225,-0.5144736842105263,0.0038874570505138565,True
squareroot_glcm_Contrast,190,12,0.721257583227424,3.834214726777462,569.0,0.003673732573089935,-0.5008771929824561,0.004998900394097376,True
wavelet-H_glcm_ClusterShade,190,12,-0.029842042894692212,0.39739152633537894,585.5,0.004789163746583072,-0.48640350877192984,0.0064934924820218886,True
wavelet-H_glcm_JointEnergy,190,12,0.31884131556982054,0.23511063976079513,1682.0,0.005829260109028451,0.475438596491228,0.00787570248772993,True
logarithm_glcm_InverseVariance,190,12,0.2121913930284425,0.28090618327725586,601.0,0.006107404464845832,-0.4728070175438597,0.00822233604631188,True
glcm_Autocorrelation,190,12,117.37646038782952,74.0152077904735,1671.0,0.0069084832644104085,0.46578947368421053,0.009268070858240723,True
logarithm_firstorder_Maximum,190,12,245.0631722084528,228.17119707788137,1668.0,0.007232428478018938,0.4631578947368422,0.009668614912720053,True
squareroot_glcm_DifferenceEntropy,190,12,1.1664512496075405,1.583319357739887,629.0,0.009339044590123547,-0.44824561403508767,0.012441174786143606,True
logarithm_glcm_ClusterShade,190,12,488.4636613112047,-625.4437055318323,1650.0,0.009478510310163698,0.44736842105263164,0.012452801476456443,True
wavelet-L_glcm_SumAverage,190,12,27.31161205504555,20.03702491389043,1650.0,0.009478510310163698,0.44736842105263164,0.012452801476456443,True
wavelet-L_glcm_JointAverage,190,12,13.655806027522775,10.018512456945217,1650.0,0.009478510310163698,0.44736842105263164,0.012452801476456443,True
exponential_glcm_ClusterShade,190,12,4.96939451277919,0.5357977085535287,1650.0,0.009463936285837164,0.44736842105263164,0.012452801476456443,True
square_firstorder_Mean,190,12,42.317164498277485,57.89954907301209,631.0,0.009619830555221592,-0.4464912280701754,0.012595035881578787,True
firstorder_RootMeanSquared,190,12,103.28961244527574,117.48309158664176,643.0,0.011468133103472732,-0.4359649122807018,0.014963557234325721,True
squareroot_glcm_ClusterShade,190,12,149.3697385171053,-251.9921834757988,1635.0,0.011805100694627412,0.4342105263157894,0.01535065994762131,True
exponential_firstorder_Range,190,12,57.161832901390156,37.0678414692811,1634.0,0.011976854680194436,0.43333333333333335,0.015521025963109116,True
gradient_firstorder_Maximum,190,12,104.27955216671292,130.8622338374456,658.0,0.014217390279428595,-0.42280701754385963,0.01836212100495693,True
wavelet-L_firstorder_RootMeanSquared,190,12,146.06438453747091,165.05768116798876,661.0,0.014832307424361469,-0.4201754385964912,0.019091584894194998,True
wavelet-H_firstorder_Uniformity,190,12,0.5070729254932138,0.4145610449647414,1616.0,0.01547054134088533,0.4175438596491228,0.0197794505062997,True
exponential_firstorder_Maximum,190,12,57.19281801062668,39.44252930091903,1616.0,0.01547054134088533,0.4175438596491228,0.0197794505062997,True
wavelet-H_glcm_ClusterProminence,190,12,0.7397583320571067,7.2631052692856715,671.0,0.017054558509205477,-0.41140350877192977,0.021731728401362164,True
wavelet-H_firstorder_Skewness,190,12,-0.1033119046071039,0.3438427971632812,675.0,0.018022184001508807,-0.4078947368421053,0.022888173681916184,True
gradient_firstorder_Range,190,12,104.18214110826192,128.38991500933966,697.0,0.02425023219597787,-0.38859649122807016,0.030695476633447072,True
square_firstorder_RobustMeanAbsoluteDeviation,190,12,24.782506260226175,17.847724332365978,1579.0,0.02556384760875144,0.3850877192982456,0.032251079267994365,True
wavelet-H_firstorder_Kurtosis,190,12,7.746201732135083,4.805841253901632,1573.0,0.027649560779278926,0.37982456140350873,0.034767269494736866,True
wavelet-L_glcm_MCC,190,12,0.9891414924592092,0.8810627608344355,1567.0,0.029880417925389337,0.3745614035087719,0.037448813255175455,True
lbp-2D_firstorder_RootMeanSquared,190,12,4.486267814189397,4.752777147124335,721.0,0.03309431947354016,-0.36754385964912284,0.04134077285055345,True
gradient_glcm_MCC,190,12,0.9273926008077263,0.7629705725022595,1554.5,0.03502885946924819,0.36359649122807025,0.04361436424112275,True
glcm_SumAverage,190,12,19.8381029296353,15.14433198905328,1547.0,0.038467796734915946,0.35701754385964923,0.0475851641428668,True
glcm_JointAverage,190,12,9.919051464817649,7.5721659945266415,1547.0,0.038467796734915946,0.35701754385964923,0.0475851641428668,True
squareroot_firstorder_90Percentile,190,12,175.93374789247218,192.6109516301625,744.0,0.04402793900241245,-0.34736842105263155,0.05428687624569302,False
lbp-2D_firstorder_Median,190,12,4.026315789473684,4.166666666666667,1244.5,0.0491142228213837,0.09166666666666656,0.060362964177249005,False
Dissimilarity,190,12,0.9381667439695033,0.8418052973092051,1510.0,0.059912531385183786,0.32456140350877183,0.07339766706673641,False
square_glcm_SumAverage,190,12,4.628341366903813,5.484551431543573,772.0,0.061310013137225935,-0.32280701754385965,0.07462976040026544,False
square_glcm_JointAverage,190,12,2.3141706834519065,2.7422757157717865,772.0,0.061310013137225935,-0.32280701754385965,0.07462976040026544,False
squareroot_glcm_DifferenceVariance,190,12,0.5455920328832625,2.620868883421804,792.0,0.07682445067902446,-0.3052631578947368,0.09321692900862523,False
wavelet-H_glcm_Idmn,190,12,0.9487448919814417,0.9309941999559951,1487.0,0.0776773924256563,0.30438596491228065,0.09395265560055571,False
square_glcm_JointEntropy,190,12,2.694171853095427,3.051118040399627,801.0,0.08478196545886893,-0.2973684210526316,0.1022212937969274,False
wavelet-H_glcm_MaximumProbability,190,12,0.4029368976584717,0.33698696345962614,1476.0,0.0875779759741568,0.2947368421052632,0.1052593338995386,False
square_firstorder_Entropy,190,12,2.081922695933254,1.8497880673104692,1474.0,0.08948316634285663,0.2929824561403509,0.10721096344851691,False
square_firstorder_InterquartileRange,190,12,56.33307055623303,42.81682414581412,1462.0,0.10162457972938287,0.2824561403508772,0.12137606544481151,False
exponential_firstorder_MeanAbsoluteDeviation,190,12,7.100347386245651,9.204798432217997,821.0,0.10485631977719136,-0.27982456140350875,0.12484455573471846,False
wavelet-H_glcm_SumAverage,190,12,3.072914743938974,5.0109192116568755,823.5,0.10761117549020864,-0.27763157894736845,0.12732875112350775,False
wavelet-H_glcm_JointAverage,190,12,1.536457371969487,2.5054596058284373,823.5,0.10761117549020864,-0.27763157894736845,0.12732875112350775,False
exponential_glcm_Idm,190,12,0.9929605720706818,0.9205391491016588,1453.0,0.11149124543614365,0.274561403508772,0.12950659911942297,False
exponential_glcm_InverseVariance,190,12,0.013765314906028813,0.1568460560402248,826.0,0.11035068364804422,-0.27543859649122804,0.12950659911942297,False
exponential_glcm_DifferenceEntropy,190,12,0.09666628684540145,0.4446036533331497,827.0,0.11149124543614365,-0.2745614035087719,0.12950659911942297,False
exponential_glcm_MaximumProbability,190,12,0.9269519064509848,0.7331847533111496,1453.0,0.11149124543614365,0.274561403508772,0.12950659911942297,False
exponential_glcm_DifferenceAverage,190,12,0.01418101799483247,0.15953670794674388,827.0,0.11149124543614365,-0.2745614035087719,0.12950659911942297,False
exponential_glcm_Id,190,12,0.9929913166300395,0.9207441511516793,1453.0,0.11149124543614365,0.274561403508772,0.12950659911942297,False
exponential_glcm_DifferenceVariance,190,12,0.014130536051749873,0.10430409679444937,829.0,0.11380026145339461,-0.2728070175438596,0.1298981246730525,False
exponential_glcm_Idn,190,12,0.9967806224412094,0.9552239546614595,1451.0,0.11380026145339461,0.2728070175438597,0.1298981246730525,False
logarithm_glcm_JointAverage,190,12,10.70913008487368,11.075638368286755,829.0,0.1138739465637783,-0.2728070175438596,0.1298981246730525,False
exponential_glcm_Contrast,190,12,0.01469182867581363,0.16261173869705137,829.0,0.11380026145339461,-0.2728070175438596,0.1298981246730525,False
exponential_glcm_JointEnergy,190,12,0.8688612400278032,0.6419035649573903,1451.0,0.11380026145339461,0.2728070175438597,0.1298981246730525,False
logarithm_glcm_SumAverage,190,12,21.418260169747363,22.151276736573507,829.0,0.1138739465637783,-0.2728070175438596,0.1298981246730525,False
gradient_glcm_Imc2,190,12,0.8406550386424322,0.7473084893698516,1442.5,0.12411274470862114,0.26535087719298245,0.1411550917432378,False
exponential_glcm_Idmn,190,12,0.9986715508729306,0.9769703917859571,1440.0,0.12717966736834127,0.26315789473684204,0.14421265853374413,False
wavelet-H_glcm_Autocorrelation,190,12,2.5076021670685504,7.439075060685075,854.0,0.14602346098523136,-0.25087719298245614,0.1650888386806325,False
exponential_glcm_JointEntropy,190,12,0.45796949683290716,1.0622133366492108,855.0,0.14735844920626945,-0.25,0.1661052341644635,False
exponential_firstorder_Uniformity,190,12,0.8775640977920405,0.7345454104868958,1422.0,0.1516731282039842,0.24736842105263168,0.17046448922040702,False
wavelet-H_glcm_Imc1,190,12,-0.18162688177005726,-0.21036090397876708,860.0,0.1546866782771835,-0.24561403508771928,0.17334007183413797,False
square_firstorder_90Percentile,190,12,109.44167900098451,95.17792781378995,1416.0,0.1606754979699372,0.24210526315789482,0.17952306371421134,False
exponential_glcm_SumEntropy,190,12,0.4432048337811451,0.8964298822039388,865.0,0.1621141326597637,-0.24122807017543857,0.18060083199815782,False
logarithm_glcm_Autocorrelation,190,12,176.87564275077085,176.72768778159138,873.0,0.17478861077348673,-0.23421052631578942,0.19415294666092842,False
exponential_glcm_Imc2,190,12,0.5856768584426774,0.39137702405779096,1404.0,0.17960418732474026,0.2315789473684211,0.19892207956606406,False
logarithm_firstorder_RootMeanSquared,190,12,199.99515282497092,207.6706802514071,877.0,0.18135019196342683,-0.23070175438596496,0.1996948645608833,False
logarithm_glcm_DifferenceAverage,190,12,0.5137348419726315,0.9597862205445188,877.0,0.1813500330781812,-0.23070175438596496,0.1996948645608833,False
exponential_glcm_JointAverage,190,12,1.1069531567576727,1.333081555814982,885.0,0.1949276741383914,-0.22368421052631582,0.21280069870122387,False
exponential_glcm_ClusterProminence,190,12,65.50725112648267,3.5724005894254396,1395.0,0.1949276741383914,0.2236842105263157,0.21280069870122387,False
exponential_glcm_SumAverage,190,12,2.213906313515345,2.666163111629964,885.0,0.1949276741383914,-0.22368421052631582,0.21280069870122387,False
exponential_firstorder_Entropy,190,12,0.37675611440381396,0.6378668202807226,906.0,0.23436560163846876,-0.20526315789473681,0.2551236977835903,False
logarithm_glcm_DifferenceEntropy,190,12,1.2561616227417374,1.451934533670664,926.0,0.27698867543603767,-0.18771929824561406,0.30066292119980154,False
wavelet-H_glcm_SumEntropy,190,12,1.538309201429735,1.69731109522949,929.0,0.28379487440367945,-0.18508771929824563,0.3071757021244371,False
wavelet-H_glcm_MCC,190,12,0.4734839195018497,0.46247085968571816,1340.0,0.3097136381306129,0.17543859649122817,0.33428015900216296,False
exponential_glcm_Autocorrelation,190,12,1.467091742137918,2.168829783621469,947.0,0.3268985657995328,-0.16929824561403506,0.3518315072588192,False
exponential_glcm_MCC,190,12,0.9287157147919788,0.7331493228071851,1326.0,0.34479681730203393,0.16315789473684217,0.37004954194950684,False
wavelet-H_glcm_ClusterTendency,190,12,0.7257081828423048,1.1045912914042997,955.0,0.3475021052107091,-0.16228070175438591,0.37190534293618027,False
exponential_glcm_Correlation,190,12,0.9276440114767728,0.7106875946931835,1320.0,0.3606261890200926,0.1578947368421053,0.38486996643320803,False
square_firstorder_Uniformity,190,12,0.354034745105858,0.32471216839043865,1305.0,0.40225060986705596,0.14473684210526305,0.4280935261434311,False
glcm_ClusterShade,190,12,-24.67063970155405,-70.38520139735091,1289.0,0.4495658658277518,0.13070175438596499,0.4771158631765277,False
square_glcm_SumEntropy,190,12,2.5463066235896177,2.3818220849827108,1288.0,0.45262428195502147,0.12982456140350873,0.4790273650690644,False
exponential_glcm_SumSquares,190,12,0.21176818773241843,0.2318791832537123,995.0,0.4617783932825714,-0.1271929824561403,0.4873616837691405,False
wavelet-L_glcm_ClusterShade,190,12,-70.51923589831091,-187.88471060722034,1280.0,0.47751044020062516,0.12280701754385959,0.502573142863089,False
squareroot_glcm_JointAverage,190,12,10.383315824002182,9.50148229157516,1003.0,0.4870322073560184,-0.12017543859649127,0.509778217040228,False
squareroot_glcm_SumAverage,190,12,20.766631648004363,19.00296458315032,1003.0,0.4870322073560184,-0.12017543859649127,0.509778217040228,False
wavelet-H_glcm_Imc2,190,12,0.5267364633451623,0.5646601598540846,1015.0,0.5261234316604533,-0.10964912280701755,0.5491863766099526,False
shape2D_Elongation,190,12,0.46469800438708114,0.5047708454737196,1017.0,0.532791110464983,-0.10789473684210527,0.5546268117135479,False
wavelet-H_firstorder_Energy,190,12,23873.706893107686,51999.278798036736,1249.0,0.5806296777116633,0.09561403508771926,0.6011410521960427,False
wavelet-H_firstorder_TotalEnergy,190,12,23873.706893107686,51999.278798036736,1249.0,0.5806296777116633,0.09561403508771926,0.6011410521960427,False
square_firstorder_RootMeanSquared,190,12,62.73202824513271,65.60958485859713,1053.0,0.659615129756034,-0.07631578947368423,0.6810660282846855,False
lbp-2D_firstorder_Maximum,190,12,8.98421052631579,9.0,1128.0,0.73276723423915,-0.010526315789473717,0.7545522060678815,False
square_glcm_Autocorrelation,190,12,9.082456630767892,8.954986091871367,1078.0,0.7541678646107773,-0.05438596491228065,0.7744958393981298,False
wavelet-L_glcm_InverseVariance,190,12,0.35639047270241975,0.32709742212632426,1195.0,0.7813919401221862,0.04824561403508776,0.8002965838348196,False
exponential_glcm_ClusterTendency,190,12,0.8323809222538602,0.7649049943177979,1086.0,0.7852612291411443,-0.047368421052631615,0.8021032930369328,False
Contrast,190,12,116.30430700686108,150.7616536016116,1191.0,0.7970721080182668,0.044736842105263186,0.8119905699330472,False
lbp-2D_firstorder_Range,190,12,8.868421052631579,8.916666666666666,1114.0,0.8060805927104511,-0.02280701754385961,0.8189778821938183,False
lbp-2D_firstorder_Minimum,190,12,0.11578947368421053,0.08333333333333333,1165.5,0.8097632223506988,0.022368421052631593,0.82053135030749,False
logarithm_glcm_Contrast,190,12,2.0741871318485128,7.146335275675298,1094.0,0.8167873816511922,-0.04035087719298247,0.8254535607668548,False
exponential_firstorder_Variance,190,12,189.9382485731737,167.0733984732192,1095.0,0.8207448198835512,-0.03947368421052633,0.8272586676604048,False
logarithm_glcm_DifferenceVariance,190,12,1.7884966605306991,5.657534507622963,1108.0,0.8725714092233331,-0.028070175438596467,0.8771760076888916,False
logarithm_firstorder_90Percentile,190,12,222.10554240587012,225.8732306553782,1154.0,0.9451966510092487,0.012280701754386003,0.9476840106171677,False
squareroot_glcm_Autocorrelation,190,12,143.25160888469284,123.18143359376818,1151.0,0.9573619161010882,0.009649122807017463,0.9573619161010882,False
